"logger","datetime","temperature","conductivity"
"20946481",2021-09-15 15:00:00,36.079,0
"20946481",2021-09-15 15:15:00,34.163,0
"20946481",2021-09-15 15:30:00,32.704,0
"20946481",2021-09-15 15:45:00,32.6,0
"20946481",2021-09-15 16:00:00,31.778,0
"20946481",2021-09-15 16:15:00,32.188,0
"20946481",2021-09-15 16:30:00,32.911,0
"20946481",2021-09-15 16:45:00,31.778,0
"20946481",2021-09-15 17:00:00,29.752,0
"20946481",2021-09-15 17:15:00,28.555,0
"20946481",2021-09-15 17:30:00,27.567,0
"20946481",2021-09-15 17:45:00,26.879,0
"20946481",2021-09-15 18:00:00,26.39,0
"20946481",2021-09-15 18:15:00,26,0
"20946481",2021-09-15 18:30:00,25.513,0
"20946481",2021-09-15 18:45:00,25.125,0
"20946481",2021-09-15 19:00:00,24.641,0
"20946481",2021-09-15 19:15:00,23.966,0
"20946481",2021-09-15 19:30:00,23.292,0
"20946481",2021-09-15 19:45:00,22.525,0
"20946481",2021-09-15 20:00:00,21.76,0
"20946481",2021-09-15 20:15:00,21.091,0
"20946481",2021-09-15 20:30:00,20.615,0
"20946481",2021-09-15 20:45:00,20.234,0
"20946481",2021-09-15 21:00:00,20.043,0
"20946481",2021-09-15 21:15:00,19.853,0
"20946481",2021-09-15 21:30:00,19.853,0
"20946481",2021-09-15 21:45:00,19.853,0
"20946481",2021-09-15 22:00:00,19.662,0
"20946481",2021-09-15 22:15:00,19.472,0
"20946481",2021-09-15 22:30:00,19.282,0
"20946481",2021-09-15 22:45:00,19.187,0
"20946481",2021-09-15 23:00:00,18.996,0
"20946481",2021-09-15 23:15:00,18.996,0
"20946481",2021-09-15 23:30:00,19.092,0
"20946481",2021-09-15 23:45:00,19.092,0
"20946481",2021-09-16 00:00:00,19.092,0
"20946481",2021-09-16 00:15:00,19.092,0
"20946481",2021-09-16 00:30:00,19.187,0
"20946481",2021-09-16 00:45:00,19.187,0
"20946481",2021-09-16 01:00:00,19.187,0
"20946481",2021-09-16 01:15:00,19.092,0
"20946481",2021-09-16 01:30:00,19.092,0
"20946481",2021-09-16 01:45:00,19.092,0
"20946481",2021-09-16 02:00:00,18.996,0
"20946481",2021-09-16 02:15:00,18.901,0
"20946481",2021-09-16 02:30:00,18.806,0
"20946481",2021-09-16 02:45:00,18.806,0
"20946481",2021-09-16 03:00:00,18.711,0
"20946481",2021-09-16 03:15:00,18.521,0
"20946481",2021-09-16 03:30:00,18.426,0
"20946481",2021-09-16 03:45:00,18.331,0
"20946481",2021-09-16 04:00:00,18.236,0
"20946481",2021-09-16 04:15:00,18.14,0
"20946481",2021-09-16 04:30:00,18.045,0
"20946481",2021-09-16 04:45:00,18.045,0
"20946481",2021-09-16 05:00:00,17.95,0
"20946481",2021-09-16 05:15:00,17.95,0
"20946481",2021-09-16 05:30:00,17.95,0
"20946481",2021-09-16 05:45:00,17.855,0
"20946481",2021-09-16 06:00:00,17.76,0
"20946481",2021-09-16 06:15:00,17.665,0
"20946481",2021-09-16 06:30:00,17.665,0
"20946481",2021-09-16 06:45:00,17.665,0
"20946481",2021-09-16 07:00:00,17.665,0
"20946481",2021-09-16 07:15:00,17.57,0
"20946481",2021-09-16 07:30:00,17.665,0
"20946481",2021-09-16 07:45:00,17.855,0
"20946481",2021-09-16 08:00:00,18.045,0
"20946481",2021-09-16 08:15:00,18.331,0
"20946481",2021-09-16 08:30:00,18.806,0
"20946481",2021-09-16 08:45:00,19.282,0
"20946481",2021-09-16 09:00:00,19.853,0
"20946481",2021-09-16 09:15:00,20.615,0
"20946481",2021-09-16 09:30:00,21.76,0
"20946481",2021-09-16 09:45:00,24.158,0
"20946481",2021-09-16 10:00:00,26.585,0
"20946481",2021-09-16 10:15:00,28.655,0
"20946481",2021-09-16 10:30:00,30.457,0
"20946481",2021-09-16 10:45:00,32.497,0
"20946481",2021-09-16 11:00:00,34.268,0
"20946481",2021-09-16 11:15:00,35.542,0
"20946481",2021-09-16 11:30:00,36.946,0
"20946481",2021-09-16 11:45:00,38.157,0
"20946481",2021-09-16 12:00:00,39.163,0
"20946481",2021-09-16 12:15:00,39.843,0
"20946481",2021-09-16 12:30:00,40.415,0
"20946481",2021-09-16 12:45:00,41.458,0
"20946481",2021-09-16 13:00:00,41.575,0
"20946481",2021-09-16 13:15:00,41.225,0
"20946481",2021-09-16 13:30:00,41.928,0
"20946481",2021-09-16 13:45:00,42.046,0
"20946481",2021-09-16 14:00:00,42.639,0
"20946481",2021-09-16 14:15:00,42.282,0
"20946481",2021-09-16 14:30:00,40.761,0
"20946481",2021-09-16 14:45:00,38.714,0
"20946481",2021-09-16 15:00:00,36.946,0
"20946481",2021-09-16 15:15:00,36.62,0
"20946481",2021-09-16 15:30:00,35.435,0
"20946481",2021-09-16 15:45:00,34.374,0
"20946481",2021-09-16 16:00:00,33.848,0
"20946481",2021-09-16 16:15:00,35.115,0
"20946481",2021-09-16 16:30:00,36.728,0
"20946481",2021-09-16 16:45:00,35.115,0
"20946481",2021-09-16 17:00:00,33.118,0
"20946481",2021-09-16 17:15:00,31.472,0
"20946481",2021-09-16 17:30:00,30.457,0
"20946481",2021-09-16 17:45:00,29.652,0
"20946481",2021-09-16 18:00:00,28.754,0
"20946481",2021-09-16 18:15:00,28.06,0
"20946481",2021-09-16 18:30:00,27.567,0
"20946481",2021-09-16 18:45:00,26.977,0
"20946481",2021-09-16 19:00:00,26.39,0
"20946481",2021-09-16 19:15:00,25.61,0
"20946481",2021-09-16 19:30:00,24.641,0
"20946481",2021-09-16 19:45:00,23.773,0
"20946481",2021-09-16 20:00:00,23.1,0
"20946481",2021-09-16 20:15:00,22.525,0
"20946481",2021-09-16 20:30:00,22.142,0
"20946481",2021-09-16 20:45:00,21.855,0
"20946481",2021-09-16 21:00:00,21.664,0
"20946481",2021-09-16 21:15:00,21.473,0
"20946481",2021-09-16 21:30:00,21.282,0
"20946481",2021-09-16 21:45:00,21.282,0
"20946481",2021-09-16 22:00:00,21.473,0
"20946481",2021-09-16 22:15:00,21.76,0
"20946481",2021-09-16 22:30:00,21.855,0
"20946481",2021-09-16 22:45:00,21.951,0
"20946481",2021-09-16 23:00:00,21.855,0
"20946481",2021-09-16 23:15:00,21.76,0
"20946481",2021-09-16 23:30:00,21.569,0
"20946481",2021-09-16 23:45:00,21.473,0
"20946481",2021-09-17 00:00:00,21.378,0
"20946481",2021-09-17 00:15:00,21.473,0
"20946481",2021-09-17 00:30:00,21.569,0
"20946481",2021-09-17 00:45:00,21.473,0
"20946481",2021-09-17 01:00:00,21.282,0
"20946481",2021-09-17 01:15:00,21.282,0
"20946481",2021-09-17 01:30:00,20.996,0
"20946481",2021-09-17 01:45:00,20.901,0
"20946481",2021-09-17 02:00:00,20.71,0
"20946481",2021-09-17 02:15:00,20.615,0
"20946481",2021-09-17 02:30:00,20.424,0
"20946481",2021-09-17 02:45:00,20.329,0
"20946481",2021-09-17 03:00:00,20.138,0
"20946481",2021-09-17 03:15:00,19.948,0
"20946481",2021-09-17 03:30:00,19.853,0
"20946481",2021-09-17 03:45:00,19.662,0
"20946481",2021-09-17 04:00:00,19.472,0
"20946481",2021-09-17 04:15:00,19.187,0
"20946481",2021-09-17 04:30:00,19.092,0
"20946481",2021-09-17 04:45:00,18.901,0
"20946481",2021-09-17 05:00:00,18.806,0
"20946481",2021-09-17 05:15:00,18.711,0
"20946481",2021-09-17 05:30:00,18.616,0
"20946481",2021-09-17 05:45:00,18.616,0
"20946481",2021-09-17 06:00:00,18.711,0
"20946481",2021-09-17 06:15:00,18.711,0
"20946481",2021-09-17 06:30:00,18.521,0
"20946481",2021-09-17 06:45:00,18.521,0
"20946481",2021-09-17 07:00:00,18.616,0
"20946481",2021-09-17 07:15:00,18.711,0
"20946481",2021-09-17 07:30:00,18.806,0
"20946481",2021-09-17 07:45:00,18.901,0
"20946481",2021-09-17 08:00:00,19.092,0
"20946481",2021-09-17 08:15:00,19.377,0
"20946481",2021-09-17 08:30:00,19.853,0
"20946481",2021-09-17 08:45:00,20.329,0
"20946481",2021-09-17 09:00:00,20.996,0
"20946481",2021-09-17 09:15:00,21.664,0
"20946481",2021-09-17 09:30:00,23.004,0
"20946481",2021-09-17 09:45:00,25.125,0
"20946481",2021-09-17 10:00:00,26.781,0
"20946481",2021-09-17 10:15:00,29.352,0
"20946481",2021-09-17 10:30:00,29.552,0
"20946481",2021-09-17 10:45:00,29.053,0
"20946481",2021-09-17 11:00:00,30.862,0
"20946481",2021-09-17 11:15:00,34.691,0
"20946481",2021-09-17 11:30:00,37.055,0
"20946481",2021-09-17 11:45:00,38.826,0
"20946481",2021-09-17 12:00:00,39.843,0
"20946481",2021-09-17 12:15:00,40.876,0
"20946481",2021-09-17 12:30:00,41.81,0
"20946481",2021-09-17 12:45:00,42.164,0
"20946481",2021-09-17 13:00:00,42.639,0
"20946481",2021-09-17 13:15:00,42.639,0
"20946481",2021-09-17 13:30:00,43.238,0
"20946481",2021-09-17 13:45:00,43.723,0
"20946481",2021-09-17 14:00:00,43.966,0
"20946481",2021-09-17 14:15:00,43.844,0
"20946481",2021-09-17 14:30:00,41.458,0
"20946481",2021-09-17 14:45:00,39.729,0
"20946481",2021-09-17 15:00:00,38.602,0
"20946481",2021-09-17 15:15:00,37.824,0
"20946481",2021-09-17 15:30:00,36.946,0
"20946481",2021-09-17 15:45:00,36.946,0
"20946481",2021-09-17 16:00:00,36.187,0
"20946481",2021-09-17 16:15:00,35.542,0
"20946481",2021-09-17 16:30:00,35.222,0
"20946481",2021-09-17 16:45:00,33.535,0
"20946481",2021-09-17 17:00:00,31.268,0
"20946481",2021-09-17 17:15:00,29.752,0
"20946481",2021-09-17 17:30:00,29.152,0
"20946481",2021-09-17 17:45:00,29.652,0
"20946481",2021-09-17 18:00:00,29.552,0
"20946481",2021-09-17 18:15:00,28.655,0
"20946481",2021-09-17 18:30:00,27.764,0
"20946481",2021-09-17 18:45:00,26.977,0
"20946481",2021-09-17 19:00:00,26,0
"20946481",2021-09-17 19:15:00,25.028,0
"20946481",2021-09-17 19:30:00,24.158,0
"20946481",2021-09-17 19:45:00,23.773,0
"20946481",2021-09-17 20:00:00,23.869,0
"20946481",2021-09-17 20:15:00,23.677,0
"20946481",2021-09-17 20:30:00,23.196,0
"20946481",2021-09-17 20:45:00,22.621,0
"20946481",2021-09-17 21:00:00,22.142,0
"20946481",2021-09-17 21:15:00,21.76,0
"20946481",2021-09-17 21:30:00,21.473,0
"20946481",2021-09-17 21:45:00,21.569,0
"20946481",2021-09-17 22:00:00,21.664,0
"20946481",2021-09-17 22:15:00,21.855,0
"20946481",2021-09-17 22:30:00,21.76,0
"20946481",2021-09-17 22:45:00,21.569,0
"20946481",2021-09-17 23:00:00,21.187,0
"20946481",2021-09-17 23:15:00,20.805,0
"20946481",2021-09-17 23:30:00,20.519,0
"20946481",2021-09-17 23:45:00,20.329,0
"20946481",2021-09-18 00:00:00,20.234,0
"20946481",2021-09-18 00:15:00,20.138,0
"20946481",2021-09-18 00:30:00,20.043,0
"20946481",2021-09-18 00:45:00,19.948,0
"20946481",2021-09-18 01:00:00,19.662,0
"20946481",2021-09-18 01:15:00,19.377,0
"20946481",2021-09-18 01:30:00,18.996,0
"20946481",2021-09-18 01:45:00,18.711,0
"20946481",2021-09-18 02:00:00,18.521,0
"20946481",2021-09-18 02:15:00,18.236,0
"20946481",2021-09-18 02:30:00,18.045,0
"20946481",2021-09-18 02:45:00,17.95,0
"20946481",2021-09-18 03:00:00,18.14,0
"20946481",2021-09-18 03:15:00,18.331,0
"20946481",2021-09-18 03:30:00,18.331,0
"20946481",2021-09-18 03:45:00,18.331,0
"20946481",2021-09-18 04:00:00,18.236,0
"20946481",2021-09-18 04:15:00,17.95,0
"20946481",2021-09-18 04:30:00,17.665,0
"20946481",2021-09-18 04:45:00,17.475,0
"20946481",2021-09-18 05:00:00,17.475,0
"20946481",2021-09-18 05:15:00,17.379,0
"20946481",2021-09-18 05:30:00,17.379,0
"20946481",2021-09-18 05:45:00,17.379,0
"20946481",2021-09-18 06:00:00,17.57,0
"20946481",2021-09-18 06:15:00,17.855,0
"20946481",2021-09-18 06:30:00,18.045,0
"20946481",2021-09-18 06:45:00,18.14,0
"20946481",2021-09-18 07:00:00,18.14,0
"20946481",2021-09-18 07:15:00,18.236,0
"20946481",2021-09-18 07:30:00,18.236,0
"20946481",2021-09-18 07:45:00,18.331,0
"20946481",2021-09-18 08:00:00,18.426,0
"20946481",2021-09-18 08:15:00,18.616,0
"20946481",2021-09-18 08:30:00,18.901,0
"20946481",2021-09-18 08:45:00,19.377,0
"20946481",2021-09-18 09:00:00,20.043,0
"20946481",2021-09-18 09:15:00,20.805,0
"20946481",2021-09-18 09:30:00,21.855,0
"20946481",2021-09-18 09:45:00,24.158,0
"20946481",2021-09-18 10:00:00,26.683,0
"20946481",2021-09-18 10:15:00,28.655,0
"20946481",2021-09-18 10:30:00,30.356,0
"20946481",2021-09-18 10:45:00,32.704,0
"20946481",2021-09-18 11:00:00,34.691,0
"20946481",2021-09-18 11:15:00,36.295,0
"20946481",2021-09-18 11:30:00,37.714,0
"20946481",2021-09-18 11:45:00,38.938,0
"20946481",2021-09-18 12:00:00,40.185,0
"20946481",2021-09-18 12:15:00,40.992,0
"20946481",2021-09-18 12:30:00,41.692,0
"20946481",2021-09-18 12:45:00,42.52,0
"20946481",2021-09-18 13:00:00,43.359,0
"20946481",2021-09-18 13:15:00,43.844,0
"20946481",2021-09-18 13:30:00,43.723,0
"20946481",2021-09-18 13:45:00,43.601,0
"20946481",2021-09-18 14:00:00,43.359,0
"20946481",2021-09-18 14:15:00,42.998,0
"20946481",2021-09-18 14:30:00,41.341,0
"20946481",2021-09-18 14:45:00,39.163,0
"20946481",2021-09-18 15:00:00,37.935,0
"20946481",2021-09-18 15:15:00,36.62,0
"20946481",2021-09-18 15:30:00,35.542,0
"20946481",2021-09-18 15:45:00,34.903,0
"20946481",2021-09-18 16:00:00,34.585,0
"20946481",2021-09-18 16:15:00,35.542,0
"20946481",2021-09-18 16:30:00,36.62,0
"20946481",2021-09-18 16:45:00,35.328,0
"20946481",2021-09-18 17:00:00,33.014,0
"20946481",2021-09-18 17:15:00,31.166,0
"20946481",2021-09-18 17:30:00,30.054,0
"20946481",2021-09-18 17:45:00,29.152,0
"20946481",2021-09-18 18:00:00,28.456,0
"20946481",2021-09-18 18:15:00,27.961,0
"20946481",2021-09-18 18:30:00,27.272,0
"20946481",2021-09-18 18:45:00,26.585,0
"20946481",2021-09-18 19:00:00,25.61,0
"20946481",2021-09-18 19:15:00,24.641,0
"20946481",2021-09-18 19:30:00,23.773,0
"20946481",2021-09-18 19:45:00,23.1,0
"20946481",2021-09-18 20:00:00,22.525,0
"20946481",2021-09-18 20:15:00,22.046,0
"20946481",2021-09-18 20:30:00,21.664,0
"20946481",2021-09-18 20:45:00,21.282,0
"20946481",2021-09-18 21:00:00,20.996,0
"20946481",2021-09-18 21:15:00,20.805,0
"20946481",2021-09-18 21:30:00,20.519,0
"20946481",2021-09-18 21:45:00,20.329,0
"20946481",2021-09-18 22:00:00,20.043,0
"20946481",2021-09-18 22:15:00,19.853,0
"20946481",2021-09-18 22:30:00,19.662,0
"20946481",2021-09-18 22:45:00,19.472,0
"20946481",2021-09-18 23:00:00,19.282,0
"20946481",2021-09-18 23:15:00,18.996,0
"20946481",2021-09-18 23:30:00,18.806,0
"20946481",2021-09-18 23:45:00,18.616,0
"20946481",2021-09-19 00:00:00,18.616,0
"20946481",2021-09-19 00:15:00,18.521,0
"20946481",2021-09-19 00:30:00,18.521,0
"20946481",2021-09-19 00:45:00,18.521,0
"20946481",2021-09-19 01:00:00,18.331,0
"20946481",2021-09-19 01:15:00,18.236,0
"20946481",2021-09-19 01:30:00,18.045,0
"20946481",2021-09-19 01:45:00,17.76,0
"20946481",2021-09-19 02:00:00,17.665,0
"20946481",2021-09-19 02:15:00,17.475,0
"20946481",2021-09-19 02:30:00,17.379,0
"20946481",2021-09-19 02:45:00,17.284,0
"20946481",2021-09-19 03:00:00,17.189,0
"20946481",2021-09-19 03:15:00,17.094,0
"20946481",2021-09-19 03:30:00,17.094,0
"20946481",2021-09-19 03:45:00,17.094,0
"20946481",2021-09-19 04:00:00,16.999,0
"20946481",2021-09-19 04:15:00,16.903,0
"20946481",2021-09-19 04:30:00,16.808,0
"20946481",2021-09-19 04:45:00,16.808,0
"20946481",2021-09-19 05:00:00,16.713,0
"20946481",2021-09-19 05:15:00,16.713,0
"20946481",2021-09-19 05:30:00,16.618,0
"20946481",2021-09-19 05:45:00,16.618,0
"20946481",2021-09-19 06:00:00,16.618,0
"20946481",2021-09-19 06:15:00,16.713,0
"20946481",2021-09-19 06:30:00,16.903,0
"20946481",2021-09-19 06:45:00,17.094,0
"20946481",2021-09-19 07:00:00,16.999,0
"20946481",2021-09-19 07:15:00,16.999,0
"20946481",2021-09-19 07:30:00,17.094,0
"20946481",2021-09-19 07:45:00,17.379,0
"20946481",2021-09-19 08:00:00,17.95,0
"20946481",2021-09-19 08:15:00,18.521,0
"20946481",2021-09-19 08:30:00,19.187,0
"20946481",2021-09-19 08:45:00,19.853,0
"20946481",2021-09-19 09:00:00,20.519,0
"20946481",2021-09-19 09:15:00,21.091,0
"20946481",2021-09-19 09:30:00,22.238,0
"20946481",2021-09-19 09:45:00,24.448,0
"20946481",2021-09-19 10:00:00,27.075,0
"20946481",2021-09-19 10:15:00,29.252,0
"20946481",2021-09-19 10:30:00,31.166,0
"20946481",2021-09-19 10:45:00,33.222,0
"20946481",2021-09-19 11:00:00,35.115,0
"20946481",2021-09-19 11:15:00,36.511,0
"20946481",2021-09-19 11:30:00,37.604,0
"20946481",2021-09-19 11:45:00,39.05,0
"20946481",2021-09-19 12:00:00,40.071,0
"20946481",2021-09-19 12:15:00,40.876,0
"20946481",2021-09-19 12:30:00,41.692,0
"20946481",2021-09-19 12:45:00,42.401,0
"20946481",2021-09-19 13:00:00,42.878,0
"20946481",2021-09-19 13:15:00,42.878,0
"20946481",2021-09-19 13:30:00,42.998,0
"20946481",2021-09-19 13:45:00,42.639,0
"20946481",2021-09-19 14:00:00,41.81,0
"20946481",2021-09-19 14:15:00,40.992,0
"20946481",2021-09-19 14:30:00,38.49,0
"20946481",2021-09-19 14:45:00,36.62,0
"20946481",2021-09-19 15:00:00,36.511,0
"20946481",2021-09-19 15:15:00,35.756,0
"20946481",2021-09-19 15:30:00,34.903,0
"20946481",2021-09-19 15:45:00,34.479,0
"20946481",2021-09-19 16:00:00,34.374,0
"20946481",2021-09-19 16:15:00,34.796,0
"20946481",2021-09-19 16:30:00,35.756,0
"20946481",2021-09-19 16:45:00,35.542,0
"20946481",2021-09-19 17:00:00,33.118,0
"20946481",2021-09-19 17:15:00,31.064,0
"20946481",2021-09-19 17:30:00,29.953,0
"20946481",2021-09-19 17:45:00,29.252,0
"20946481",2021-09-19 18:00:00,28.655,0
"20946481",2021-09-19 18:15:00,28.159,0
"20946481",2021-09-19 18:30:00,27.665,0
"20946481",2021-09-19 18:45:00,27.075,0
"20946481",2021-09-19 19:00:00,26.585,0
"20946481",2021-09-19 19:15:00,25.902,0
"20946481",2021-09-19 19:30:00,25.125,0
"20946481",2021-09-19 19:45:00,24.255,0
"20946481",2021-09-19 20:00:00,23.388,0
"20946481",2021-09-19 20:15:00,22.812,0
"20946481",2021-09-19 20:30:00,22.429,0
"20946481",2021-09-19 20:45:00,22.333,0
"20946481",2021-09-19 21:00:00,22.429,0
"20946481",2021-09-19 21:15:00,22.621,0
"20946481",2021-09-19 21:30:00,22.812,0
"20946481",2021-09-19 21:45:00,22.717,0
"20946481",2021-09-19 22:00:00,22.621,0
"20946481",2021-09-19 22:15:00,22.429,0
"20946481",2021-09-19 22:30:00,22.238,0
"20946481",2021-09-19 22:45:00,22.142,0
"20946481",2021-09-19 23:00:00,22.142,0
"20946481",2021-09-19 23:15:00,22.142,0
"20946481",2021-09-19 23:30:00,22.238,0
"20946481",2021-09-19 23:45:00,22.142,0
"20946481",2021-09-20 00:00:00,22.046,0
"20946481",2021-09-20 00:15:00,21.951,0
"20946481",2021-09-20 00:30:00,21.951,0
"20946481",2021-09-20 00:45:00,21.951,0
"20946481",2021-09-20 01:00:00,21.951,0
"20946481",2021-09-20 01:15:00,21.76,0
"20946481",2021-09-20 01:30:00,21.664,0
"20946481",2021-09-20 01:45:00,21.664,0
"20946481",2021-09-20 02:00:00,21.76,0
"20946481",2021-09-20 02:15:00,21.76,0
"20946481",2021-09-20 02:30:00,21.76,0
"20946481",2021-09-20 02:45:00,21.76,0
"20946481",2021-09-20 03:00:00,21.951,0
"20946481",2021-09-20 03:15:00,22.142,0
"20946481",2021-09-20 03:30:00,22.333,0
"20946481",2021-09-20 03:45:00,22.333,0
"20946481",2021-09-20 04:00:00,22.429,0
"20946481",2021-09-20 04:15:00,22.429,0
"20946481",2021-09-20 04:30:00,22.429,0
"20946481",2021-09-20 04:45:00,22.333,0
"20946481",2021-09-20 05:00:00,22.238,0
"20946481",2021-09-20 05:15:00,21.664,0
"20946481",2021-09-20 05:30:00,21.378,0
"20946481",2021-09-20 05:45:00,21.282,0
"20946481",2021-09-20 06:00:00,21.187,0
"20946481",2021-09-20 06:15:00,20.996,0
"20946481",2021-09-20 06:30:00,20.996,0
"20946481",2021-09-20 06:45:00,21.091,0
"20946481",2021-09-20 07:00:00,21.187,0
"20946481",2021-09-20 07:15:00,21.282,0
"20946481",2021-09-20 07:30:00,21.569,0
"20946481",2021-09-20 07:45:00,22.142,0
"20946481",2021-09-20 08:00:00,22.621,0
"20946481",2021-09-20 08:15:00,22.717,0
"20946481",2021-09-20 08:30:00,22.908,0
"20946481",2021-09-20 08:45:00,23.484,0
"20946481",2021-09-20 09:00:00,22.812,0
"20946481",2021-09-20 09:15:00,22.429,0
"20946481",2021-09-20 09:30:00,22.621,0
"20946481",2021-09-20 09:45:00,23.1,0
"20946481",2021-09-20 10:00:00,24.448,0
"20946481",2021-09-20 10:15:00,26.879,0
"20946481",2021-09-20 10:30:00,28.655,0
"20946481",2021-09-20 10:45:00,31.37,0
"20946481",2021-09-20 11:00:00,33.222,0
"20946481",2021-09-20 11:15:00,34.796,0
"20946481",2021-09-20 11:30:00,36.403,0
"20946481",2021-09-20 11:45:00,37.824,0
"20946481",2021-09-20 12:00:00,39.729,0
"20946481",2021-09-20 12:15:00,39.502,0
"20946481",2021-09-20 12:30:00,37.165,0
"20946481",2021-09-20 12:45:00,37.824,0
"20946481",2021-09-20 13:00:00,37.384,0
"20946481",2021-09-20 13:15:00,38.49,0
"20946481",2021-09-20 13:30:00,39.957,0
"20946481",2021-09-20 13:45:00,39.843,0
"20946481",2021-09-20 14:00:00,38.046,0
"20946481",2021-09-20 14:15:00,39.615,0
"20946481",2021-09-20 14:30:00,36.295,0
"20946481",2021-09-20 14:45:00,33.326,0
"20946481",2021-09-20 15:00:00,31.472,0
"20946481",2021-09-20 15:15:00,30.862,0
"20946481",2021-09-20 15:30:00,31.983,0
"20946481",2021-09-20 15:45:00,33.326,0
"20946481",2021-09-20 16:00:00,32.497,0
"20946481",2021-09-20 16:15:00,32.807,0
"20946481",2021-09-20 16:30:00,33.535,0
"20946481",2021-09-20 16:45:00,33.014,0
"20946481",2021-09-20 17:00:00,30.76,0
"20946481",2021-09-20 17:15:00,28.754,0
"20946481",2021-09-20 17:30:00,27.567,0
"20946481",2021-09-20 17:45:00,26.683,0
"20946481",2021-09-20 18:00:00,25.902,0
"20946481",2021-09-20 18:15:00,25.125,0
"20946481",2021-09-20 18:30:00,24.255,0
"20946481",2021-09-20 18:45:00,23.484,0
"20946481",2021-09-20 19:00:00,22.621,0
"20946481",2021-09-20 19:15:00,21.76,0
"20946481",2021-09-20 19:30:00,21.091,0
"20946481",2021-09-20 19:45:00,20.519,0
"20946481",2021-09-20 20:00:00,19.948,0
"20946481",2021-09-20 20:15:00,19.567,0
"20946481",2021-09-20 20:30:00,19.377,0
"20946481",2021-09-20 20:45:00,19.282,0
"20946481",2021-09-20 21:00:00,19.282,0
"20946481",2021-09-20 21:15:00,19.377,0
"20946481",2021-09-20 21:30:00,19.377,0
"20946481",2021-09-20 21:45:00,19.187,0
"20946481",2021-09-20 22:00:00,18.996,0
"20946481",2021-09-20 22:15:00,18.806,0
"20946481",2021-09-20 22:30:00,18.616,0
"20946481",2021-09-20 22:45:00,18.331,0
"20946481",2021-09-20 23:00:00,17.95,0
"20946481",2021-09-20 23:15:00,17.57,0
"20946481",2021-09-20 23:30:00,17.379,0
"20946481",2021-09-20 23:45:00,16.999,0
"20946481",2021-09-21 00:00:00,16.713,0
"20946481",2021-09-21 00:15:00,16.523,0
"20946481",2021-09-21 00:30:00,16.237,0
"20946481",2021-09-21 00:45:00,16.046,0
"20946481",2021-09-21 01:00:00,15.855,0
"20946481",2021-09-21 01:15:00,15.951,0
"20946481",2021-09-21 01:30:00,16.046,0
"20946481",2021-09-21 01:45:00,16.141,0
"20946481",2021-09-21 02:00:00,16.427,0
"20946481",2021-09-21 02:15:00,16.618,0
"20946481",2021-09-21 02:30:00,16.808,0
"20946481",2021-09-21 02:45:00,16.808,0
"20946481",2021-09-21 03:00:00,16.713,0
"20946481",2021-09-21 03:15:00,16.713,0
"20946481",2021-09-21 03:30:00,16.618,0
"20946481",2021-09-21 03:45:00,16.618,0
"20946481",2021-09-21 04:00:00,16.332,0
"20946481",2021-09-21 04:15:00,16.237,0
"20946481",2021-09-21 04:30:00,16.237,0
"20946481",2021-09-21 04:45:00,15.951,0
"20946481",2021-09-21 05:00:00,15.664,0
"20946481",2021-09-21 05:15:00,15.664,0
"20946481",2021-09-21 05:30:00,15.569,0
"20946481",2021-09-21 05:45:00,15.664,0
"20946481",2021-09-21 06:00:00,15.569,0
"20946481",2021-09-21 06:15:00,15.378,0
"20946481",2021-09-21 06:30:00,15.091,0
"20946481",2021-09-21 06:45:00,14.9,0
"20946481",2021-09-21 07:00:00,14.996,0
"20946481",2021-09-21 07:15:00,14.996,0
"20946481",2021-09-21 07:30:00,14.9,0
"20946481",2021-09-21 07:45:00,14.9,0
"20946481",2021-09-21 08:00:00,14.996,0
"20946481",2021-09-21 08:15:00,14.9,0
"20946481",2021-09-21 08:30:00,14.517,0
"20946481",2021-09-21 08:45:00,14.517,0
"20946481",2021-09-21 09:00:00,14.804,0
"20946481",2021-09-21 09:15:00,15.282,0
"20946481",2021-09-21 09:30:00,16.332,0
"20946481",2021-09-21 09:45:00,18.806,0
"20946481",2021-09-21 10:00:00,21.664,0
"20946481",2021-09-21 10:15:00,24.158,0
"20946481",2021-09-21 10:30:00,26,0
"20946481",2021-09-21 10:45:00,28.456,0
"20946481",2021-09-21 11:00:00,30.154,0
"20946481",2021-09-21 11:15:00,31.268,0
"20946481",2021-09-21 11:30:00,30.76,0
"20946481",2021-09-21 11:45:00,32.6,0
"20946481",2021-09-21 12:00:00,35.222,0
"20946481",2021-09-21 12:15:00,34.796,0
"20946481",2021-09-21 12:30:00,34.058,0
"20946481",2021-09-21 12:45:00,31.166,0
"20946481",2021-09-21 13:00:00,34.374,0
"20946481",2021-09-21 13:15:00,36.62,0
"20946481",2021-09-21 13:30:00,37.494,0
"20946481",2021-09-21 13:45:00,36.946,0
"20946481",2021-09-21 14:00:00,36.511,0
"20946481",2021-09-21 14:15:00,35.115,0
"20946481",2021-09-21 14:30:00,34.268,0
"20946481",2021-09-21 14:45:00,30.558,0
"20946481",2021-09-21 15:00:00,29.552,0
"20946481",2021-09-21 15:15:00,29.053,0
"20946481",2021-09-21 15:30:00,28.853,0
"20946481",2021-09-21 15:45:00,27.961,0
"20946481",2021-09-21 16:00:00,27.862,0
"20946481",2021-09-21 16:15:00,27.862,0
"20946481",2021-09-21 16:30:00,28.06,0
"20946481",2021-09-21 16:45:00,28.258,0
"20946481",2021-09-21 17:00:00,26.292,0
"20946481",2021-09-21 17:15:00,24.255,0
"20946481",2021-09-21 17:30:00,22.908,0
"20946481",2021-09-21 17:45:00,22.142,0
"20946481",2021-09-21 18:00:00,21.378,0
"20946481",2021-09-21 18:15:00,20.901,0
"20946481",2021-09-21 18:30:00,20.71,0
"20946481",2021-09-21 18:45:00,20.043,0
"20946481",2021-09-21 19:00:00,19.282,0
"20946481",2021-09-21 19:15:00,18.331,0
"20946481",2021-09-21 19:30:00,17.284,0
"20946481",2021-09-21 19:45:00,16.237,0
"20946481",2021-09-21 20:00:00,15.282,0
"20946481",2021-09-21 20:15:00,14.517,0
"20946481",2021-09-21 20:30:00,13.654,0
"20946481",2021-09-21 20:45:00,12.883,0
"20946481",2021-09-21 21:00:00,12.401,0
"20946481",2021-09-21 21:15:00,12.013,0
"20946481",2021-09-21 21:30:00,11.625,0
"20946481",2021-09-21 21:45:00,11.431,0
"20946481",2021-09-21 22:00:00,11.139,0
"20946481",2021-09-21 22:15:00,10.944,0
"20946481",2021-09-21 22:30:00,10.846,0
"20946481",2021-09-21 22:45:00,10.553,0
"20946481",2021-09-21 23:00:00,10.357,0
"20946481",2021-09-21 23:15:00,10.259,0
"20946481",2021-09-21 23:30:00,10.063,0
"20946481",2021-09-21 23:45:00,9.866,0
"20946481",2021-09-22 00:00:00,9.768,0
"20946481",2021-09-22 00:15:00,9.669,0
"20946481",2021-09-22 00:30:00,9.669,0
"20946481",2021-09-22 00:45:00,9.571,0
"20946481",2021-09-22 01:00:00,9.373,0
"20946481",2021-09-22 01:15:00,9.275,0
"20946481",2021-09-22 01:30:00,9.176,0
"20946481",2021-09-22 01:45:00,8.978,0
"20946481",2021-09-22 02:00:00,8.879,0
"20946481",2021-09-22 02:15:00,8.779,0
"20946481",2021-09-22 02:30:00,8.68,0
"20946481",2021-09-22 02:45:00,8.481,0
"20946481",2021-09-22 03:00:00,8.382,0
"20946481",2021-09-22 03:15:00,8.282,0
"20946481",2021-09-22 03:30:00,8.082,0
"20946481",2021-09-22 03:45:00,7.983,0
"20946481",2021-09-22 04:00:00,7.782,0
"20946481",2021-09-22 04:15:00,7.682,0
"20946481",2021-09-22 04:30:00,7.582,0
"20946481",2021-09-22 04:45:00,7.481,0
"20946481",2021-09-22 05:00:00,7.381,0
"20946481",2021-09-22 05:15:00,7.28,0
"20946481",2021-09-22 05:30:00,7.079,0
"20946481",2021-09-22 05:45:00,6.877,0
"20946481",2021-09-22 06:00:00,6.775,0
"20946481",2021-09-22 06:15:00,6.674,0
"20946481",2021-09-22 06:30:00,6.471,0
"20946481",2021-09-22 06:45:00,6.37,0
"20946481",2021-09-22 07:00:00,6.268,0
"20946481",2021-09-22 07:15:00,6.268,0
"20946481",2021-09-22 07:30:00,6.268,0
"20946481",2021-09-22 07:45:00,6.37,0
"20946481",2021-09-22 08:00:00,6.471,0
"20946481",2021-09-22 08:15:00,6.978,0
"20946481",2021-09-22 08:30:00,7.782,0
"20946481",2021-09-22 08:45:00,8.779,0
"20946481",2021-09-22 09:00:00,9.768,0
"20946481",2021-09-22 09:15:00,10.846,0
"20946481",2021-09-22 09:30:00,12.207,0
"20946481",2021-09-22 09:45:00,15.187,0
"20946481",2021-09-22 10:00:00,18.426,0
"20946481",2021-09-22 10:15:00,21.378,0
"20946481",2021-09-22 10:30:00,23.484,0
"20946481",2021-09-22 10:45:00,26.488,0
"20946481",2021-09-22 11:00:00,29.053,0
"20946481",2021-09-22 11:15:00,30.76,0
"20946481",2021-09-22 11:30:00,32.291,0
"20946481",2021-09-22 11:45:00,34.374,0
"20946481",2021-09-22 12:00:00,35.435,0
"20946481",2021-09-22 12:15:00,36.511,0
"20946481",2021-09-22 12:30:00,37.055,0
"20946481",2021-09-22 12:45:00,37.604,0
"20946481",2021-09-22 13:00:00,37.824,0
"20946481",2021-09-22 13:15:00,37.824,0
"20946481",2021-09-22 13:30:00,37.824,0
"20946481",2021-09-22 13:45:00,36.837,0
"20946481",2021-09-22 14:00:00,35.864,0
"20946481",2021-09-22 14:15:00,35.115,0
"20946481",2021-09-22 14:30:00,33.848,0
"20946481",2021-09-22 14:45:00,30.963,0
"20946481",2021-09-22 15:00:00,29.552,0
"20946481",2021-09-22 15:15:00,28.357,0
"20946481",2021-09-22 15:30:00,28.853,0
"20946481",2021-09-22 15:45:00,28.159,0
"20946481",2021-09-22 16:00:00,27.862,0
"20946481",2021-09-22 16:15:00,28.258,0
"20946481",2021-09-22 16:30:00,28.953,0
"20946481",2021-09-22 16:45:00,28.655,0
"20946481",2021-09-22 17:00:00,26.488,0
"20946481",2021-09-22 17:15:00,23.966,0
"20946481",2021-09-22 17:30:00,22.429,0
"20946481",2021-09-22 17:45:00,21.378,0
"20946481",2021-09-22 18:00:00,20.519,0
"20946481",2021-09-22 18:15:00,19.758,0
"20946481",2021-09-22 18:30:00,18.996,0
"20946481",2021-09-22 18:45:00,18.14,0
"20946481",2021-09-22 19:00:00,17.094,0
"20946481",2021-09-22 19:15:00,16.046,0
"20946481",2021-09-22 19:30:00,14.9,0
"20946481",2021-09-22 19:45:00,13.942,0
"20946481",2021-09-22 20:00:00,13.173,0
"20946481",2021-09-22 20:15:00,12.497,0
"20946481",2021-09-22 20:30:00,12.013,0
"20946481",2021-09-22 20:45:00,11.528,0
"20946481",2021-09-22 21:00:00,11.236,0
"20946481",2021-09-22 21:15:00,11.236,0
"20946481",2021-09-22 21:30:00,11.139,0
"20946481",2021-09-22 21:45:00,10.944,0
"20946481",2021-09-22 22:00:00,10.944,0
"20946481",2021-09-22 22:15:00,10.944,0
"20946481",2021-09-22 22:30:00,10.846,0
"20946481",2021-09-22 22:45:00,10.748,0
"20946481",2021-09-22 23:00:00,10.651,0
"20946481",2021-09-22 23:15:00,10.553,0
"20946481",2021-09-22 23:30:00,10.455,0
"20946481",2021-09-22 23:45:00,10.455,0
"20946481",2021-09-23 00:00:00,10.357,0
"20946481",2021-09-23 00:15:00,10.259,0
"20946481",2021-09-23 00:30:00,10.259,0
"20946481",2021-09-23 00:45:00,10.161,0
"20946481",2021-09-23 01:00:00,10.161,0
"20946481",2021-09-23 01:15:00,10.063,0
"20946481",2021-09-23 01:30:00,9.965,0
"20946481",2021-09-23 01:45:00,9.866,0
"20946481",2021-09-23 02:00:00,9.768,0
"20946481",2021-09-23 02:15:00,9.768,0
"20946481",2021-09-23 02:30:00,9.669,0
"20946481",2021-09-23 02:45:00,9.571,0
"20946481",2021-09-23 03:00:00,9.571,0
"20946481",2021-09-23 03:15:00,9.571,0
"20946481",2021-09-23 03:30:00,9.571,0
"20946481",2021-09-23 03:45:00,9.571,0
"20946481",2021-09-23 04:00:00,9.472,0
"20946481",2021-09-23 04:15:00,9.373,0
"20946481",2021-09-23 04:30:00,9.373,0
"20946481",2021-09-23 04:45:00,9.373,0
"20946481",2021-09-23 05:00:00,9.275,0
"20946481",2021-09-23 05:15:00,9.275,0
"20946481",2021-09-23 05:30:00,9.275,0
"20946481",2021-09-23 05:45:00,9.373,0
"20946481",2021-09-23 06:00:00,9.571,0
"20946481",2021-09-23 06:15:00,9.866,0
"20946481",2021-09-23 06:30:00,10.063,0
"20946481",2021-09-23 06:45:00,9.965,0
"20946481",2021-09-23 07:00:00,9.965,0
"20946481",2021-09-23 07:15:00,9.965,0
"20946481",2021-09-23 07:30:00,10.161,0
"20946481",2021-09-23 07:45:00,10.553,0
"20946481",2021-09-23 08:00:00,10.748,0
"20946481",2021-09-23 08:15:00,11.139,0
"20946481",2021-09-23 08:30:00,11.625,0
"20946481",2021-09-23 08:45:00,12.401,0
"20946481",2021-09-23 09:00:00,13.365,0
"20946481",2021-09-23 09:15:00,14.421,0
"20946481",2021-09-23 09:30:00,15.76,0
"20946481",2021-09-23 09:45:00,18.14,0
"20946481",2021-09-23 10:00:00,20.996,0
"20946481",2021-09-23 10:15:00,23.196,0
"20946481",2021-09-23 10:30:00,25.028,0
"20946481",2021-09-23 10:45:00,27.567,0
"20946481",2021-09-23 11:00:00,29.853,0
"20946481",2021-09-23 11:15:00,32.086,0
"20946481",2021-09-23 11:30:00,33.639,0
"20946481",2021-09-23 11:45:00,35.222,0
"20946481",2021-09-23 12:00:00,36.403,0
"20946481",2021-09-23 12:15:00,37.055,0
"20946481",2021-09-23 12:30:00,37.935,0
"20946481",2021-09-23 12:45:00,38.826,0
"20946481",2021-09-23 13:00:00,39.163,0
"20946481",2021-09-23 13:15:00,39.729,0
"20946481",2021-09-23 13:30:00,39.502,0
"20946481",2021-09-23 13:45:00,38.714,0
"20946481",2021-09-23 14:00:00,37.714,0
"20946481",2021-09-23 14:15:00,36.62,0
"20946481",2021-09-23 14:30:00,35.864,0
"20946481",2021-09-23 14:45:00,33.743,0
"20946481",2021-09-23 15:00:00,32.291,0
"20946481",2021-09-23 15:15:00,31.472,0
"20946481",2021-09-23 15:30:00,31.574,0
"20946481",2021-09-23 15:45:00,30.862,0
"20946481",2021-09-23 16:00:00,30.356,0
"20946481",2021-09-23 16:15:00,30.862,0
"20946481",2021-09-23 16:30:00,31.574,0
"20946481",2021-09-23 16:45:00,30.963,0
"20946481",2021-09-23 17:00:00,29.152,0
"20946481",2021-09-23 17:15:00,27.272,0
"20946481",2021-09-23 17:30:00,26.097,0
"20946481",2021-09-23 17:45:00,25.319,0
"20946481",2021-09-23 18:00:00,24.545,0
"20946481",2021-09-23 18:15:00,23.869,0
"20946481",2021-09-23 18:30:00,23.292,0
"20946481",2021-09-23 18:45:00,22.333,0
"20946481",2021-09-23 19:00:00,20.996,0
"20946481",2021-09-23 19:15:00,19.662,0
"20946481",2021-09-23 19:30:00,18.331,0
"20946481",2021-09-23 19:45:00,17.284,0
"20946481",2021-09-23 20:00:00,16.523,0
"20946481",2021-09-23 20:15:00,15.855,0
"20946481",2021-09-23 20:30:00,15.378,0
"20946481",2021-09-23 20:45:00,15.091,0
"20946481",2021-09-23 21:00:00,14.996,0
"20946481",2021-09-23 21:15:00,15.187,0
"20946481",2021-09-23 21:30:00,15.282,0
"20946481",2021-09-23 21:45:00,15.282,0
"20946481",2021-09-23 22:00:00,15.282,0
"20946481",2021-09-23 22:15:00,15.473,0
"20946481",2021-09-23 22:30:00,15.569,0
"20946481",2021-09-23 22:45:00,15.569,0
"20946481",2021-09-23 23:00:00,15.473,0
"20946481",2021-09-23 23:15:00,15.951,0
"20946481",2021-09-23 23:30:00,16.332,0
"20946481",2021-09-23 23:45:00,16.618,0
"20946481",2021-09-24 00:00:00,16.808,0
"20946481",2021-09-24 00:15:00,17.189,0
"20946481",2021-09-24 00:30:00,17.284,0
"20946481",2021-09-24 00:45:00,17.379,0
"20946481",2021-09-24 01:00:00,17.379,0
"20946481",2021-09-24 01:15:00,17.189,0
"20946481",2021-09-24 01:30:00,16.999,0
"20946481",2021-09-24 01:45:00,16.903,0
"20946481",2021-09-24 02:00:00,16.713,0
"20946481",2021-09-24 02:15:00,16.713,0
"20946481",2021-09-24 02:30:00,16.618,0
"20946481",2021-09-24 02:45:00,16.523,0
"20946481",2021-09-24 03:00:00,16.427,0
"20946481",2021-09-24 03:15:00,16.332,0
"20946481",2021-09-24 03:30:00,16.141,0
"20946481",2021-09-24 03:45:00,15.951,0
"20946481",2021-09-24 04:00:00,15.664,0
"20946481",2021-09-24 04:15:00,15.664,0
"20946481",2021-09-24 04:30:00,15.664,0
"20946481",2021-09-24 04:45:00,15.664,0
"20946481",2021-09-24 05:00:00,15.76,0
"20946481",2021-09-24 05:15:00,15.855,0
"20946481",2021-09-24 05:30:00,15.951,0
"20946481",2021-09-24 05:45:00,16.046,0
"20946481",2021-09-24 06:00:00,15.951,0
"20946481",2021-09-24 06:15:00,15.951,0
"20946481",2021-09-24 06:30:00,15.951,0
"20946481",2021-09-24 06:45:00,15.855,0
"20946481",2021-09-24 07:00:00,15.855,0
"20946481",2021-09-24 07:15:00,15.855,0
"20946481",2021-09-24 07:30:00,15.951,0
"20946481",2021-09-24 07:45:00,16.332,0
"20946481",2021-09-24 08:00:00,17.094,0
"20946481",2021-09-24 08:15:00,17.855,0
"20946481",2021-09-24 08:30:00,18.521,0
"20946481",2021-09-24 08:45:00,19.092,0
"20946481",2021-09-24 09:00:00,19.567,0
"20946481",2021-09-24 09:15:00,20.043,0
"20946481",2021-09-24 09:30:00,20.805,0
"20946481",2021-09-24 09:45:00,22.333,0
"20946481",2021-09-24 10:00:00,24.158,0
"20946481",2021-09-24 10:15:00,25.028,0
"20946481",2021-09-24 10:30:00,25.319,0
"20946481",2021-09-24 10:45:00,25.125,0
"20946481",2021-09-24 11:00:00,25.222,0
"20946481",2021-09-24 11:15:00,25.222,0
"20946481",2021-09-24 11:30:00,24.641,0
"20946481",2021-09-24 11:45:00,24.835,0
"20946481",2021-09-24 12:00:00,24.255,0
"20946481",2021-09-24 12:15:00,23.966,0
"20946481",2021-09-24 12:30:00,26.195,0
"20946481",2021-09-24 12:45:00,28.456,0
"20946481",2021-09-24 13:00:00,30.154,0
"20946481",2021-09-24 13:15:00,28.555,0
"20946481",2021-09-24 13:30:00,26.977,0
"20946481",2021-09-24 13:45:00,26.097,0
"20946481",2021-09-24 14:00:00,27.272,0
"20946481",2021-09-24 14:15:00,27.468,0
"20946481",2021-09-24 14:30:00,26.488,0
"20946481",2021-09-24 14:45:00,26.195,0
"20946481",2021-09-24 15:00:00,26.195,0
"20946481",2021-09-24 15:15:00,28.159,0
"20946481",2021-09-24 15:30:00,29.652,0
"20946481",2021-09-24 15:45:00,28.953,0
"20946481",2021-09-24 16:00:00,28.06,0
"20946481",2021-09-24 16:15:00,27.468,0
"20946481",2021-09-24 16:30:00,26.977,0
"20946481",2021-09-24 16:45:00,26.195,0
"20946481",2021-09-24 17:00:00,26.292,0
"20946481",2021-09-24 17:15:00,25.805,0
"20946481",2021-09-24 17:30:00,25.222,0
"20946481",2021-09-24 17:45:00,24.448,0
"20946481",2021-09-24 18:00:00,23.677,0
"20946481",2021-09-24 18:15:00,22.621,0
"20946481",2021-09-24 18:30:00,21.76,0
"20946481",2021-09-24 18:45:00,21.187,0
"20946481",2021-09-24 19:00:00,20.615,0
"20946481",2021-09-24 19:15:00,20.234,0
"20946481",2021-09-24 19:30:00,19.853,0
"20946481",2021-09-24 19:45:00,19.472,0
"20946481",2021-09-24 20:00:00,19.092,0
"20946481",2021-09-24 20:15:00,18.806,0
"20946481",2021-09-24 20:30:00,18.521,0
"20946481",2021-09-24 20:45:00,18.236,0
"20946481",2021-09-24 21:00:00,17.855,0
"20946481",2021-09-24 21:15:00,17.57,0
"20946481",2021-09-24 21:30:00,17.284,0
"20946481",2021-09-24 21:45:00,16.808,0
"20946481",2021-09-24 22:00:00,16.618,0
"20946481",2021-09-24 22:15:00,16.141,0
"20946481",2021-09-24 22:30:00,15.664,0
"20946481",2021-09-24 22:45:00,15.091,0
"20946481",2021-09-24 23:00:00,14.23,0
"20946481",2021-09-24 23:15:00,13.269,0
"20946481",2021-09-24 23:30:00,12.401,0
"20946481",2021-09-24 23:45:00,11.722,0
"20946481",2021-09-25 00:00:00,11.236,0
"20946481",2021-09-25 00:15:00,10.846,0
"20946481",2021-09-25 00:30:00,10.651,0
"20946481",2021-09-25 00:45:00,10.455,0
"20946481",2021-09-25 01:00:00,10.259,0
"20946481",2021-09-25 01:15:00,9.965,0
"20946481",2021-09-25 01:30:00,9.768,0
"20946481",2021-09-25 01:45:00,9.669,0
"20946481",2021-09-25 02:00:00,9.571,0
"20946481",2021-09-25 02:15:00,9.373,0
"20946481",2021-09-25 02:30:00,9.176,0
"20946481",2021-09-25 02:45:00,9.176,0
"20946481",2021-09-25 03:00:00,9.176,0
"20946481",2021-09-25 03:15:00,8.978,0
"20946481",2021-09-25 03:30:00,8.779,0
"20946481",2021-09-25 03:45:00,8.581,0
"20946481",2021-09-25 04:00:00,8.481,0
"20946481",2021-09-25 04:15:00,8.382,0
"20946481",2021-09-25 04:30:00,8.182,0
"20946481",2021-09-25 04:45:00,8.082,0
"20946481",2021-09-25 05:00:00,7.983,0
"20946481",2021-09-25 05:15:00,7.882,0
"20946481",2021-09-25 05:30:00,7.682,0
"20946481",2021-09-25 05:45:00,7.682,0
"20946481",2021-09-25 06:00:00,7.682,0
"20946481",2021-09-25 06:15:00,7.582,0
"20946481",2021-09-25 06:30:00,7.481,0
"20946481",2021-09-25 06:45:00,7.481,0
"20946481",2021-09-25 07:00:00,7.481,0
"20946481",2021-09-25 07:15:00,7.882,0
"20946481",2021-09-25 07:30:00,8.68,0
"20946481",2021-09-25 07:45:00,9.176,0
"20946481",2021-09-25 08:00:00,9.275,0
"20946481",2021-09-25 08:15:00,9.472,0
"20946481",2021-09-25 08:30:00,9.768,0
"20946481",2021-09-25 08:45:00,10.357,0
"20946481",2021-09-25 09:00:00,11.528,0
"20946481",2021-09-25 09:15:00,12.304,0
"20946481",2021-09-25 09:30:00,13.461,0
"20946481",2021-09-25 09:45:00,15.951,0
"20946481",2021-09-25 10:00:00,18.901,0
"20946481",2021-09-25 10:15:00,21.091,0
"20946481",2021-09-25 10:30:00,23.484,0
"20946481",2021-09-25 10:45:00,26.585,0
"20946481",2021-09-25 11:00:00,28.953,0
"20946481",2021-09-25 11:15:00,30.963,0
"20946481",2021-09-25 11:30:00,32.704,0
"20946481",2021-09-25 11:45:00,33.743,0
"20946481",2021-09-25 12:00:00,34.691,0
"20946481",2021-09-25 12:15:00,35.649,0
"20946481",2021-09-25 12:30:00,35.971,0
"20946481",2021-09-25 12:45:00,36.511,0
"20946481",2021-09-25 13:00:00,37.274,0
"20946481",2021-09-25 13:15:00,37.714,0
"20946481",2021-09-25 13:30:00,38.046,0
"20946481",2021-09-25 13:45:00,37.055,0
"20946481",2021-09-25 14:00:00,36.187,0
"20946481",2021-09-25 14:15:00,35.542,0
"20946481",2021-09-25 14:30:00,34.479,0
"20946481",2021-09-25 14:45:00,31.983,0
"20946481",2021-09-25 15:00:00,30.457,0
"20946481",2021-09-25 15:15:00,30.255,0
"20946481",2021-09-25 15:30:00,30.356,0
"20946481",2021-09-25 15:45:00,29.552,0
"20946481",2021-09-25 16:00:00,28.953,0
"20946481",2021-09-25 16:15:00,29.452,0
"20946481",2021-09-25 16:30:00,30.457,0
"20946481",2021-09-25 16:45:00,29.853,0
"20946481",2021-09-25 17:00:00,27.862,0
"20946481",2021-09-25 17:15:00,26.097,0
"20946481",2021-09-25 17:30:00,25.028,0
"20946481",2021-09-25 17:45:00,24.255,0
"20946481",2021-09-25 18:00:00,23.581,0
"20946481",2021-09-25 18:15:00,22.908,0
"20946481",2021-09-25 18:30:00,22.046,0
"20946481",2021-09-25 18:45:00,20.805,0
"20946481",2021-09-25 19:00:00,19.567,0
"20946481",2021-09-25 19:15:00,18.331,0
"20946481",2021-09-25 19:30:00,17.284,0
"20946481",2021-09-25 19:45:00,16.237,0
"20946481",2021-09-25 20:00:00,15.473,0
"20946481",2021-09-25 20:15:00,14.9,0
"20946481",2021-09-25 20:30:00,14.421,0
"20946481",2021-09-25 20:45:00,14.134,0
"20946481",2021-09-25 21:00:00,13.942,0
"20946481",2021-09-25 21:15:00,13.75,0
"20946481",2021-09-25 21:30:00,13.558,0
"20946481",2021-09-25 21:45:00,13.558,0
"20946481",2021-09-25 22:00:00,13.558,0
"20946481",2021-09-25 22:15:00,13.75,0
"20946481",2021-09-25 22:30:00,13.846,0
"20946481",2021-09-25 22:45:00,13.846,0
"20946481",2021-09-25 23:00:00,13.75,0
"20946481",2021-09-25 23:15:00,13.75,0
"20946481",2021-09-25 23:30:00,14.134,0
"20946481",2021-09-25 23:45:00,14.709,0
"20946481",2021-09-26 00:00:00,15.282,0
"20946481",2021-09-26 00:15:00,15.855,0
"20946481",2021-09-26 00:30:00,16.237,0
"20946481",2021-09-26 00:45:00,16.332,0
"20946481",2021-09-26 01:00:00,16.141,0
"20946481",2021-09-26 01:15:00,15.855,0
"20946481",2021-09-26 01:30:00,15.569,0
"20946481",2021-09-26 01:45:00,15.664,0
"20946481",2021-09-26 02:00:00,16.046,0
"20946481",2021-09-26 02:15:00,16.141,0
"20946481",2021-09-26 02:30:00,16.046,0
"20946481",2021-09-26 02:45:00,16.046,0
"20946481",2021-09-26 03:00:00,15.855,0
"20946481",2021-09-26 03:15:00,15.76,0
"20946481",2021-09-26 03:30:00,15.664,0
"20946481",2021-09-26 03:45:00,15.76,0
"20946481",2021-09-26 04:00:00,16.332,0
"20946481",2021-09-26 04:15:00,16.713,0
"20946481",2021-09-26 04:30:00,16.903,0
"20946481",2021-09-26 04:45:00,16.903,0
"20946481",2021-09-26 05:00:00,16.903,0
"20946481",2021-09-26 05:15:00,16.903,0
"20946481",2021-09-26 05:30:00,16.808,0
"20946481",2021-09-26 05:45:00,16.903,0
"20946481",2021-09-26 06:00:00,16.999,0
"20946481",2021-09-26 06:15:00,16.999,0
"20946481",2021-09-26 06:30:00,17.094,0
"20946481",2021-09-26 06:45:00,17.379,0
"20946481",2021-09-26 07:00:00,17.57,0
"20946481",2021-09-26 07:15:00,17.665,0
"20946481",2021-09-26 07:30:00,17.855,0
"20946481",2021-09-26 07:45:00,18.045,0
"20946481",2021-09-26 08:00:00,18.236,0
"20946481",2021-09-26 08:15:00,18.331,0
"20946481",2021-09-26 08:30:00,18.616,0
"20946481",2021-09-26 08:45:00,18.996,0
"20946481",2021-09-26 09:00:00,19.567,0
"20946481",2021-09-26 09:15:00,20.138,0
"20946481",2021-09-26 09:30:00,21.187,0
"20946481",2021-09-26 09:45:00,23.581,0
"20946481",2021-09-26 10:00:00,26.195,0
"20946481",2021-09-26 10:15:00,27.468,0
"20946481",2021-09-26 10:30:00,29.853,0
"20946481",2021-09-26 10:45:00,32.291,0
"20946481",2021-09-26 11:00:00,33.953,0
"20946481",2021-09-26 11:15:00,35.649,0
"20946481",2021-09-26 11:30:00,36.946,0
"20946481",2021-09-26 11:45:00,38.379,0
"20946481",2021-09-26 12:00:00,39.389,0
"20946481",2021-09-26 12:15:00,40.53,0
"20946481",2021-09-26 12:30:00,41.108,0
"20946481",2021-09-26 12:45:00,41.928,0
"20946481",2021-09-26 13:00:00,42.878,0
"20946481",2021-09-26 13:15:00,43.48,0
"20946481",2021-09-26 13:30:00,43.48,0
"20946481",2021-09-26 13:45:00,43.238,0
"20946481",2021-09-26 14:00:00,42.164,0
"20946481",2021-09-26 14:15:00,41.225,0
"20946481",2021-09-26 14:30:00,39.729,0
"20946481",2021-09-26 14:45:00,37.935,0
"20946481",2021-09-26 15:00:00,36.728,0
"20946481",2021-09-26 15:15:00,36.403,0
"20946481",2021-09-26 15:30:00,36.62,0
"20946481",2021-09-26 15:45:00,35.756,0
"20946481",2021-09-26 16:00:00,35.115,0
"20946481",2021-09-26 16:15:00,35.328,0
"20946481",2021-09-26 16:30:00,36.946,0
"20946481",2021-09-26 16:45:00,36.295,0
"20946481",2021-09-26 17:00:00,34.268,0
"20946481",2021-09-26 17:15:00,32.497,0
"20946481",2021-09-26 17:30:00,31.37,0
"20946481",2021-09-26 17:45:00,30.659,0
"20946481",2021-09-26 18:00:00,30.054,0
"20946481",2021-09-26 18:15:00,29.452,0
"20946481",2021-09-26 18:30:00,28.258,0
"20946481",2021-09-26 18:45:00,27.468,0
"20946481",2021-09-26 19:00:00,26.879,0
"20946481",2021-09-26 19:15:00,26,0
"20946481",2021-09-26 19:30:00,24.448,0
"20946481",2021-09-26 19:45:00,23.581,0
"20946481",2021-09-26 20:00:00,22.908,0
"20946481",2021-09-26 20:15:00,22.238,0
"20946481",2021-09-26 20:30:00,22.142,0
"20946481",2021-09-26 20:45:00,21.951,0
"20946481",2021-09-26 21:00:00,21.187,0
"20946481",2021-09-26 21:15:00,21.378,0
"20946481",2021-09-26 21:30:00,21.951,0
"20946481",2021-09-26 21:45:00,22.333,0
"20946481",2021-09-26 22:00:00,22.429,0
"20946481",2021-09-26 22:15:00,22.333,0
"20946481",2021-09-26 22:30:00,22.142,0
"20946481",2021-09-26 22:45:00,21.951,0
"20946481",2021-09-26 23:00:00,21.76,0
"20946481",2021-09-26 23:15:00,21.569,0
"20946481",2021-09-26 23:30:00,21.378,0
"20946481",2021-09-26 23:45:00,21.282,0
"20946481",2021-09-27 00:00:00,21.091,0
"20946481",2021-09-27 00:15:00,21.091,0
"20946481",2021-09-27 00:30:00,20.805,0
"20946481",2021-09-27 00:45:00,20.615,0
"20946481",2021-09-27 01:00:00,20.615,0
"20946481",2021-09-27 01:15:00,20.329,0
"20946481",2021-09-27 01:30:00,20.138,0
"20946481",2021-09-27 01:45:00,19.948,0
"20946481",2021-09-27 02:00:00,19.758,0
"20946481",2021-09-27 02:15:00,19.662,0
"20946481",2021-09-27 02:30:00,19.472,0
"20946481",2021-09-27 02:45:00,19.092,0
"20946481",2021-09-27 03:00:00,18.711,0
"20946481",2021-09-27 03:15:00,18.426,0
"20946481",2021-09-27 03:30:00,18.14,0
"20946481",2021-09-27 03:45:00,18.045,0
"20946481",2021-09-27 04:00:00,18.045,0
"20946481",2021-09-27 04:15:00,17.95,0
"20946481",2021-09-27 04:30:00,17.855,0
"20946481",2021-09-27 04:45:00,17.95,0
"20946481",2021-09-27 05:00:00,18.045,0
"20946481",2021-09-27 05:15:00,18.045,0
"20946481",2021-09-27 05:30:00,18.14,0
"20946481",2021-09-27 05:45:00,18.236,0
"20946481",2021-09-27 06:00:00,18.236,0
"20946481",2021-09-27 06:15:00,18.236,0
"20946481",2021-09-27 06:30:00,18.236,0
"20946481",2021-09-27 06:45:00,18.236,0
"20946481",2021-09-27 07:00:00,18.14,0
"20946481",2021-09-27 07:15:00,17.95,0
"20946481",2021-09-27 07:30:00,18.045,0
"20946481",2021-09-27 07:45:00,18.14,0
"20946481",2021-09-27 08:00:00,18.236,0
"20946481",2021-09-27 08:15:00,18.331,0
"20946481",2021-09-27 08:30:00,18.806,0
"20946481",2021-09-27 08:45:00,19.377,0
"20946481",2021-09-27 09:00:00,20.043,0
"20946481",2021-09-27 09:15:00,20.615,0
"20946481",2021-09-27 09:30:00,21.569,0
"20946481",2021-09-27 09:45:00,23.869,0
"20946481",2021-09-27 10:00:00,26.585,0
"20946481",2021-09-27 10:15:00,28.258,0
"20946481",2021-09-27 10:30:00,30.659,0
"20946481",2021-09-27 10:45:00,33.222,0
"20946481",2021-09-27 11:00:00,35.649,0
"20946481",2021-09-27 11:15:00,37.274,0
"20946481",2021-09-27 11:30:00,38.826,0
"20946481",2021-09-27 11:45:00,40.185,0
"20946481",2021-09-27 12:00:00,41.108,0
"20946481",2021-09-27 12:15:00,41.928,0
"20946481",2021-09-27 12:30:00,42.758,0
"20946481",2021-09-27 12:45:00,43.723,0
"20946481",2021-09-27 13:00:00,44.704,0
"20946481",2021-09-27 13:15:00,44.952,0
"20946481",2021-09-27 13:30:00,45.076,0
"20946481",2021-09-27 13:45:00,44.457,0
"20946481",2021-09-27 14:00:00,42.878,0
"20946481",2021-09-27 14:15:00,42.046,0
"20946481",2021-09-27 14:30:00,40.415,0
"20946481",2021-09-27 14:45:00,38.268,0
"20946481",2021-09-27 15:00:00,37.274,0
"20946481",2021-09-27 15:15:00,36.837,0
"20946481",2021-09-27 15:30:00,37.274,0
"20946481",2021-09-27 15:45:00,36.511,0
"20946481",2021-09-27 16:00:00,35.864,0
"20946481",2021-09-27 16:15:00,35.971,0
"20946481",2021-09-27 16:30:00,37.824,0
"20946481",2021-09-27 16:45:00,37.055,0
"20946481",2021-09-27 17:00:00,34.585,0
"20946481",2021-09-27 17:15:00,32.6,0
"20946481",2021-09-27 17:30:00,31.268,0
"20946481",2021-09-27 17:45:00,30.457,0
"20946481",2021-09-27 18:00:00,29.452,0
"20946481",2021-09-27 18:15:00,28.357,0
"20946481",2021-09-27 18:30:00,27.075,0
"20946481",2021-09-27 18:45:00,25.708,0
"20946481",2021-09-27 19:00:00,24.448,0
"20946481",2021-09-27 19:15:00,23.292,0
"20946481",2021-09-27 19:30:00,22.333,0
"20946481",2021-09-27 19:45:00,21.378,0
"20946481",2021-09-27 20:00:00,20.805,0
"20946481",2021-09-27 20:15:00,20.329,0
"20946481",2021-09-27 20:30:00,19.853,0
"20946481",2021-09-27 20:45:00,19.567,0
"20946481",2021-09-27 21:00:00,19.282,0
"20946481",2021-09-27 21:15:00,18.996,0
"20946481",2021-09-27 21:30:00,18.901,0
"20946481",2021-09-27 21:45:00,18.711,0
"20946481",2021-09-27 22:00:00,18.616,0
"20946481",2021-09-27 22:15:00,18.521,0
"20946481",2021-09-27 22:30:00,18.426,0
"20946481",2021-09-27 22:45:00,18.236,0
"20946481",2021-09-27 23:00:00,18.14,0
"20946481",2021-09-27 23:15:00,18.045,0
"20946481",2021-09-27 23:30:00,17.95,0
"20946481",2021-09-27 23:45:00,17.95,0
"20946481",2021-09-28 00:00:00,17.95,0
"20946481",2021-09-28 00:15:00,17.855,0
"20946481",2021-09-28 00:30:00,17.665,0
"20946481",2021-09-28 00:45:00,17.95,0
"20946481",2021-09-28 01:00:00,18.426,0
"20946481",2021-09-28 01:15:00,19.377,0
"20946481",2021-09-28 01:30:00,19.948,0
"20946481",2021-09-28 01:45:00,20.234,0
"20946481",2021-09-28 02:00:00,20.329,0
"20946481",2021-09-28 02:15:00,20.424,0
"20946481",2021-09-28 02:30:00,20.329,0
"20946481",2021-09-28 02:45:00,20.234,0
"20946481",2021-09-28 03:00:00,20.043,0
"20946481",2021-09-28 03:15:00,19.948,0
"20946481",2021-09-28 03:30:00,19.758,0
"20946481",2021-09-28 03:45:00,19.472,0
"20946481",2021-09-28 04:00:00,19.092,0
"20946481",2021-09-28 04:15:00,18.711,0
"20946481",2021-09-28 04:30:00,18.236,0
"20946481",2021-09-28 04:45:00,17.855,0
"20946481",2021-09-28 05:00:00,17.475,0
"20946481",2021-09-28 05:15:00,17.094,0
"20946481",2021-09-28 05:30:00,16.903,0
"20946481",2021-09-28 05:45:00,16.808,0
"20946481",2021-09-28 06:00:00,16.808,0
"20946481",2021-09-28 06:15:00,16.808,0
"20946481",2021-09-28 06:30:00,16.903,0
"20946481",2021-09-28 06:45:00,16.903,0
"20946481",2021-09-28 07:00:00,16.999,0
"20946481",2021-09-28 07:15:00,17.189,0
"20946481",2021-09-28 07:30:00,17.475,0
"20946481",2021-09-28 07:45:00,17.76,0
"20946481",2021-09-28 08:00:00,18.045,0
"20946481",2021-09-28 08:15:00,18.521,0
"20946481",2021-09-28 08:30:00,19.092,0
"20946481",2021-09-28 08:45:00,19.662,0
"20946481",2021-09-28 09:00:00,20.138,0
"20946481",2021-09-28 09:15:00,20.805,0
"20946481",2021-09-28 09:30:00,21.855,0
"20946481",2021-09-28 09:45:00,24.158,0
"20946481",2021-09-28 10:00:00,26.879,0
"20946481",2021-09-28 10:15:00,28.655,0
"20946481",2021-09-28 10:30:00,31.064,0
"20946481",2021-09-28 10:45:00,33.848,0
"20946481",2021-09-28 11:00:00,36.079,0
"20946481",2021-09-28 11:15:00,37.714,0
"20946481",2021-09-28 11:30:00,39.502,0
"20946481",2021-09-28 11:45:00,40.761,0
"20946481",2021-09-28 12:00:00,41.928,0
"20946481",2021-09-28 12:15:00,42.639,0
"20946481",2021-09-28 12:30:00,43.118,0
"20946481",2021-09-28 12:45:00,43.966,0
"20946481",2021-09-28 13:00:00,43.48,0
"20946481",2021-09-28 13:15:00,43.359,0
"20946481",2021-09-28 13:30:00,43.359,0
"20946481",2021-09-28 13:45:00,43.118,0
"20946481",2021-09-28 14:00:00,41.341,0
"20946481",2021-09-28 14:15:00,38.379,0
"20946481",2021-09-28 14:30:00,38.49,0
"20946481",2021-09-28 14:45:00,36.187,0
"20946481",2021-09-28 15:00:00,35.435,0
"20946481",2021-09-28 15:15:00,35.971,0
"20946481",2021-09-28 15:30:00,36.728,0
"20946481",2021-09-28 15:45:00,35.328,0
"20946481",2021-09-28 16:00:00,34.903,0
"20946481",2021-09-28 16:15:00,34.796,0
"20946481",2021-09-28 16:30:00,36.511,0
"20946481",2021-09-28 16:45:00,35.435,0
"20946481",2021-09-28 17:00:00,31.983,0
"20946481",2021-09-28 17:15:00,30.054,0
"20946481",2021-09-28 17:30:00,29.752,0
"20946481",2021-09-28 17:45:00,29.053,0
"20946481",2021-09-28 18:00:00,28.06,0
"20946481",2021-09-28 18:15:00,27.173,0
"20946481",2021-09-28 18:30:00,26.39,0
"20946481",2021-09-28 18:45:00,25.416,0
"20946481",2021-09-28 19:00:00,23.966,0
"20946481",2021-09-28 19:15:00,22.429,0
"20946481",2021-09-28 19:30:00,21.091,0
"20946481",2021-09-28 19:45:00,20.043,0
"20946481",2021-09-28 20:00:00,19.187,0
"20946481",2021-09-28 20:15:00,18.711,0
"20946481",2021-09-28 20:30:00,18.331,0
"20946481",2021-09-28 20:45:00,18.331,0
"20946481",2021-09-28 21:00:00,18.616,0
"20946481",2021-09-28 21:15:00,18.996,0
"20946481",2021-09-28 21:30:00,19.377,0
"20946481",2021-09-28 21:45:00,19.377,0
"20946481",2021-09-28 22:00:00,19.377,0
"20946481",2021-09-28 22:15:00,18.996,0
"20946481",2021-09-28 22:30:00,18.806,0
"20946481",2021-09-28 22:45:00,18.616,0
"20946481",2021-09-28 23:00:00,18.616,0
"20946481",2021-09-28 23:15:00,18.806,0
"20946481",2021-09-28 23:30:00,18.901,0
"20946481",2021-09-28 23:45:00,18.806,0
"20946481",2021-09-29 00:00:00,18.616,0
"20946481",2021-09-29 00:15:00,18.616,0
"20946481",2021-09-29 00:30:00,18.521,0
"20946481",2021-09-29 00:45:00,18.14,0
"20946481",2021-09-29 01:00:00,17.855,0
"20946481",2021-09-29 01:15:00,18.045,0
"20946481",2021-09-29 01:30:00,18.331,0
"20946481",2021-09-29 01:45:00,18.711,0
"20946481",2021-09-29 02:00:00,18.711,0
"20946481",2021-09-29 02:15:00,18.711,0
"20946481",2021-09-29 02:30:00,18.806,0
"20946481",2021-09-29 02:45:00,18.616,0
"20946481",2021-09-29 03:00:00,18.616,0
"20946481",2021-09-29 03:15:00,18.426,0
"20946481",2021-09-29 03:30:00,18.426,0
"20946481",2021-09-29 03:45:00,18.426,0
"20946481",2021-09-29 04:00:00,18.711,0
"20946481",2021-09-29 04:15:00,18.996,0
"20946481",2021-09-29 04:30:00,18.996,0
"20946481",2021-09-29 04:45:00,19.187,0
"20946481",2021-09-29 05:00:00,19.282,0
"20946481",2021-09-29 05:15:00,19.282,0
"20946481",2021-09-29 05:30:00,19.282,0
"20946481",2021-09-29 05:45:00,19.187,0
"20946481",2021-09-29 06:00:00,19.187,0
"20946481",2021-09-29 06:15:00,19.092,0
"20946481",2021-09-29 06:30:00,19.092,0
"20946481",2021-09-29 06:45:00,19.092,0
"20946481",2021-09-29 07:00:00,19.187,0
"20946481",2021-09-29 07:15:00,19.282,0
"20946481",2021-09-29 07:30:00,19.282,0
"20946481",2021-09-29 07:45:00,19.377,0
"20946481",2021-09-29 08:00:00,19.758,0
"20946481",2021-09-29 08:15:00,20.138,0
"20946481",2021-09-29 08:30:00,20.519,0
"20946481",2021-09-29 08:45:00,20.996,0
"20946481",2021-09-29 09:00:00,21.664,0
"20946481",2021-09-29 09:15:00,22.333,0
"20946481",2021-09-29 09:30:00,23.004,0
"20946481",2021-09-29 09:45:00,23.869,0
"20946481",2021-09-29 10:00:00,24.641,0
"20946481",2021-09-29 10:15:00,25.125,0
"20946481",2021-09-29 10:30:00,25.902,0
"20946481",2021-09-29 10:45:00,26.097,0
"20946481",2021-09-29 11:00:00,26,0
"20946481",2021-09-29 11:15:00,27.665,0
"20946481",2021-09-29 11:30:00,33.326,0
"20946481",2021-09-29 11:45:00,36.079,0
"20946481",2021-09-29 12:00:00,33.953,0
"20946481",2021-09-29 12:15:00,31.983,0
"20946481",2021-09-29 12:30:00,30.76,0
"20946481",2021-09-29 12:45:00,30.255,0
"20946481",2021-09-29 13:00:00,29.452,0
"20946481",2021-09-29 13:15:00,29.652,0
"20946481",2021-09-29 13:30:00,30.659,0
"20946481",2021-09-29 13:45:00,29.853,0
"20946481",2021-09-29 14:00:00,29.152,0
"20946481",2021-09-29 14:15:00,28.754,0
"20946481",2021-09-29 14:30:00,28.555,0
"20946481",2021-09-29 14:45:00,29.853,0
"20946481",2021-09-29 15:00:00,32.394,0
"20946481",2021-09-29 15:15:00,33.326,0
"20946481",2021-09-29 15:30:00,33.014,0
"20946481",2021-09-29 15:45:00,30.356,0
"20946481",2021-09-29 16:00:00,28.357,0
"20946481",2021-09-29 16:15:00,27.764,0
"20946481",2021-09-29 16:30:00,27.173,0
"20946481",2021-09-29 16:45:00,26.585,0
"20946481",2021-09-29 17:00:00,26.097,0
"20946481",2021-09-29 17:15:00,25.319,0
"20946481",2021-09-29 17:30:00,24.351,0
"20946481",2021-09-29 17:45:00,23.869,0
"20946481",2021-09-29 18:00:00,23.869,0
"20946481",2021-09-29 18:15:00,23.773,0
"20946481",2021-09-29 18:30:00,23.677,0
"20946481",2021-09-29 18:45:00,23.484,0
"20946481",2021-09-29 19:00:00,23.1,0
"20946481",2021-09-29 19:15:00,22.717,0
"20946481",2021-09-29 19:30:00,22.238,0
"20946481",2021-09-29 19:45:00,21.76,0
"20946481",2021-09-29 20:00:00,21.664,0
"20946481",2021-09-29 20:15:00,21.76,0
"20946481",2021-09-29 20:30:00,21.951,0
"20946481",2021-09-29 20:45:00,22.142,0
"20946481",2021-09-29 21:00:00,22.333,0
"20946481",2021-09-29 21:15:00,22.333,0
"20946481",2021-09-29 21:30:00,22.238,0
"20946481",2021-09-29 21:45:00,22.142,0
"20946481",2021-09-29 22:00:00,22.142,0
"20946481",2021-09-29 22:15:00,22.046,0
"20946481",2021-09-29 22:30:00,22.046,0
"20946481",2021-09-29 22:45:00,21.951,0
"20946481",2021-09-29 23:00:00,21.855,0
"20946481",2021-09-29 23:15:00,21.76,0
"20946481",2021-09-29 23:30:00,21.569,0
"20946481",2021-09-29 23:45:00,21.282,0
"20946481",2021-09-30 00:00:00,20.805,0
"20946481",2021-09-30 00:15:00,20.234,0
"20946481",2021-09-30 00:30:00,19.853,0
"20946481",2021-09-30 00:45:00,19.853,0
"20946481",2021-09-30 01:00:00,20.043,0
"20946481",2021-09-30 01:15:00,19.948,0
"20946481",2021-09-30 01:30:00,19.662,0
"20946481",2021-09-30 01:45:00,19.187,0
"20946481",2021-09-30 02:00:00,18.711,0
"20946481",2021-09-30 02:15:00,18.426,0
"20946481",2021-09-30 02:30:00,18.14,0
"20946481",2021-09-30 02:45:00,17.95,0
"20946481",2021-09-30 03:00:00,17.855,0
"20946481",2021-09-30 03:15:00,17.665,0
"20946481",2021-09-30 03:30:00,17.57,0
"20946481",2021-09-30 03:45:00,17.57,0
"20946481",2021-09-30 04:00:00,17.57,0
"20946481",2021-09-30 04:15:00,17.57,0
"20946481",2021-09-30 04:30:00,17.665,0
"20946481",2021-09-30 04:45:00,17.855,0
"20946481",2021-09-30 05:00:00,18.14,0
"20946481",2021-09-30 05:15:00,18.14,0
"20946481",2021-09-30 05:30:00,18.521,0
"20946481",2021-09-30 05:45:00,18.996,0
"20946481",2021-09-30 06:00:00,19.282,0
"20946481",2021-09-30 06:15:00,19.377,0
"20946481",2021-09-30 06:30:00,19.567,0
"20946481",2021-09-30 06:45:00,19.758,0
"20946481",2021-09-30 07:00:00,19.853,0
"20946481",2021-09-30 07:15:00,19.853,0
"20946481",2021-09-30 07:30:00,19.853,0
"20946481",2021-09-30 07:45:00,19.758,0
"20946481",2021-09-30 08:00:00,19.853,0
"20946481",2021-09-30 08:15:00,19.948,0
"20946481",2021-09-30 08:30:00,20.138,0
"20946481",2021-09-30 08:45:00,20.615,0
"20946481",2021-09-30 09:00:00,21.091,0
"20946481",2021-09-30 09:15:00,21.664,0
"20946481",2021-09-30 09:30:00,22.333,0
"20946481",2021-09-30 09:45:00,22.621,0
"20946481",2021-09-30 10:00:00,23.004,0
"20946481",2021-09-30 10:15:00,22.238,0
"20946481",2021-09-30 10:30:00,20.519,0
"20946481",2021-09-30 10:45:00,19.187,0
"20946481",2021-09-30 11:00:00,19.187,0
"20946481",2021-09-30 11:15:00,19.472,10.8
"20946481",2021-09-30 11:30:00,19.662,10.8
"20946481",2021-09-30 11:45:00,20.519,10.8
"20946481",2021-09-30 12:00:00,21.187,10.8
"20946481",2021-09-30 12:15:00,21.187,10.8
"20946481",2021-09-30 12:30:00,20.901,10.8
"20946481",2021-09-30 12:45:00,20.805,10.8
"20946481",2021-09-30 13:00:00,21.282,10.8
"20946481",2021-09-30 13:15:00,21.76,10.8
"20946481",2021-09-30 13:30:00,22.333,10.8
"20946481",2021-09-30 13:45:00,21.664,10.8
"20946481",2021-09-30 14:00:00,20.901,10.8
"20946481",2021-09-30 14:15:00,20.138,10.8
"20946481",2021-09-30 14:30:00,22.525,10.8
"20946481",2021-09-30 14:45:00,23.677,10.8
"20946481",2021-09-30 15:00:00,24.738,10.8
"20946481",2021-09-30 15:15:00,25.902,10.8
"20946481",2021-09-30 15:30:00,27.272,0
"20946481",2021-09-30 15:45:00,26.292,0
"20946481",2021-09-30 16:00:00,26.585,0
"20946481",2021-09-30 16:15:00,26.683,0
"20946481",2021-09-30 16:30:00,27.468,0
"20946481",2021-09-30 16:45:00,27.173,0
"20946481",2021-09-30 17:00:00,25.416,0
"20946481",2021-09-30 17:15:00,24.158,0
"20946481",2021-09-30 17:30:00,23.581,0
"20946481",2021-09-30 17:45:00,23.1,0
"20946481",2021-09-30 18:00:00,22.621,0
"20946481",2021-09-30 18:15:00,21.855,0
"20946481",2021-09-30 18:30:00,21.187,0
"20946481",2021-09-30 18:45:00,20.424,0
"20946481",2021-09-30 19:00:00,19.662,0
"20946481",2021-09-30 19:15:00,18.996,0
"20946481",2021-09-30 19:30:00,18.426,0
"20946481",2021-09-30 19:45:00,18.045,0
"20946481",2021-09-30 20:00:00,17.855,0
"20946481",2021-09-30 20:15:00,17.665,0
"20946481",2021-09-30 20:30:00,17.475,0
"20946481",2021-09-30 20:45:00,17.189,0
"20946481",2021-09-30 21:00:00,16.903,0
"20946481",2021-09-30 21:15:00,16.713,10.8
"20946481",2021-09-30 21:30:00,16.523,10.8
"20946481",2021-09-30 21:45:00,16.237,10.8
"20946481",2021-09-30 22:00:00,16.141,10.8
"20946481",2021-09-30 22:15:00,15.951,10.8
"20946481",2021-09-30 22:30:00,15.855,10.8
"20946481",2021-09-30 22:45:00,15.76,10.8
"20946481",2021-09-30 23:00:00,15.569,21.5
"20946481",2021-09-30 23:15:00,15.378,21.5
"20946481",2021-09-30 23:30:00,15.091,21.5
"20946481",2021-09-30 23:45:00,14.804,21.5
"20946481",2021-10-01 00:00:00,14.613,21.5
"20946481",2021-10-01 00:15:00,14.517,21.5
"20946481",2021-10-01 00:30:00,14.517,21.5
"20946481",2021-10-01 00:45:00,14.421,21.5
"20946481",2021-10-01 01:00:00,14.421,21.5
"20946481",2021-10-01 01:15:00,14.23,21.5
"20946481",2021-10-01 01:30:00,14.325,21.5
"20946481",2021-10-01 01:45:00,14.325,21.5
"20946481",2021-10-01 02:00:00,14.134,32.3
"20946481",2021-10-01 02:15:00,14.038,32.3
"20946481",2021-10-01 02:30:00,13.942,32.3
"20946481",2021-10-01 02:45:00,13.75,32.3
"20946481",2021-10-01 03:00:00,13.654,32.3
"20946481",2021-10-01 03:15:00,13.461,32.3
"20946481",2021-10-01 03:30:00,13.173,32.3
"20946481",2021-10-01 03:45:00,12.98,32.3
"20946481",2021-10-01 04:00:00,12.787,32.3
"20946481",2021-10-01 04:15:00,12.69,32.3
"20946481",2021-10-01 04:30:00,12.497,32.3
"20946481",2021-10-01 04:45:00,12.304,32.3
"20946481",2021-10-01 05:00:00,12.11,32.3
"20946481",2021-10-01 05:15:00,12.11,32.3
"20946481",2021-10-01 05:30:00,12.013,32.3
"20946481",2021-10-01 05:45:00,12.013,32.3
"20946481",2021-10-01 06:00:00,12.013,32.3
"20946481",2021-10-01 06:15:00,12.207,32.3
"20946481",2021-10-01 06:30:00,12.69,32.3
"20946481",2021-10-01 06:45:00,13.558,32.3
"20946481",2021-10-01 07:00:00,14.23,32.3
"20946481",2021-10-01 07:15:00,14.613,32.3
"20946481",2021-10-01 07:30:00,14.9,32.3
"20946481",2021-10-01 07:45:00,15.187,32.3
"20946481",2021-10-01 08:00:00,15.378,32.3
"20946481",2021-10-01 08:15:00,15.76,32.3
"20946481",2021-10-01 08:30:00,16.237,32.3
"20946481",2021-10-01 08:45:00,16.618,32.3
"20946481",2021-10-01 09:00:00,16.808,32.3
"20946481",2021-10-01 09:15:00,16.903,32.3
"20946481",2021-10-01 09:30:00,17.475,32.3
"20946481",2021-10-01 09:45:00,18.426,32.3
"20946481",2021-10-01 10:00:00,19.092,32.3
"20946481",2021-10-01 10:15:00,20.138,32.3
"20946481",2021-10-01 10:30:00,21.664,32.3
"20946481",2021-10-01 10:45:00,23.196,32.3
"20946481",2021-10-01 11:00:00,24.641,32.3
"20946481",2021-10-01 11:15:00,25.805,21.5
"20946481",2021-10-01 11:30:00,26.879,0
"20946481",2021-10-01 11:45:00,27.862,0
"20946481",2021-10-01 12:00:00,28.258,0
"20946481",2021-10-01 12:15:00,28.853,0
"20946481",2021-10-01 12:30:00,28.06,0
"20946481",2021-10-01 12:45:00,29.252,0
"20946481",2021-10-01 13:00:00,29.252,0
"20946481",2021-10-01 13:15:00,29.853,0
"20946481",2021-10-01 13:30:00,30.356,0
"20946481",2021-10-01 13:45:00,28.357,0
"20946481",2021-10-01 14:00:00,26.977,0
"20946481",2021-10-01 14:15:00,26.683,0
"20946481",2021-10-01 14:30:00,26.781,0
"20946481",2021-10-01 14:45:00,26.879,0
"20946481",2021-10-01 15:00:00,26.585,0
"20946481",2021-10-01 15:15:00,26.195,0
"20946481",2021-10-01 15:30:00,26.488,0
"20946481",2021-10-01 15:45:00,25.805,0
"20946481",2021-10-01 16:00:00,26.097,0
"20946481",2021-10-01 16:15:00,25.416,0
"20946481",2021-10-01 16:30:00,24.931,0
"20946481",2021-10-01 16:45:00,24.641,0
"20946481",2021-10-01 17:00:00,23.869,0
"20946481",2021-10-01 17:15:00,23.581,0
"20946481",2021-10-01 17:30:00,23.484,0
"20946481",2021-10-01 17:45:00,23.196,0
"20946481",2021-10-01 18:00:00,22.908,0
"20946481",2021-10-01 18:15:00,22.621,0
"20946481",2021-10-01 18:30:00,22.333,0
"20946481",2021-10-01 18:45:00,21.569,0
"20946481",2021-10-01 19:00:00,20.901,0
"20946481",2021-10-01 19:15:00,20.329,0
"20946481",2021-10-01 19:30:00,19.377,0
"20946481",2021-10-01 19:45:00,18.521,0
"20946481",2021-10-01 20:00:00,17.855,0
"20946481",2021-10-01 20:15:00,17.284,0
"20946481",2021-10-01 20:30:00,16.808,0
"20946481",2021-10-01 20:45:00,16.523,0
"20946481",2021-10-01 21:00:00,16.237,0
"20946481",2021-10-01 21:15:00,16.046,10.8
"20946481",2021-10-01 21:30:00,15.951,10.8
"20946481",2021-10-01 21:45:00,15.76,10.8
"20946481",2021-10-01 22:00:00,15.76,10.8
"20946481",2021-10-01 22:15:00,15.664,10.8
"20946481",2021-10-01 22:30:00,15.569,10.8
"20946481",2021-10-01 22:45:00,15.378,10.8
"20946481",2021-10-01 23:00:00,15.187,10.8
"20946481",2021-10-01 23:15:00,14.9,10.8
"20946481",2021-10-01 23:30:00,14.709,10.8
"20946481",2021-10-01 23:45:00,14.517,10.8
"20946481",2021-10-02 00:00:00,14.421,10.8
"20946481",2021-10-02 00:15:00,14.325,10.8
"20946481",2021-10-02 00:30:00,14.421,10.8
"20946481",2021-10-02 00:45:00,14.804,10.8
"20946481",2021-10-02 01:00:00,14.9,10.8
"20946481",2021-10-02 01:15:00,14.709,10.8
"20946481",2021-10-02 01:30:00,14.613,10.8
"20946481",2021-10-02 01:45:00,14.517,10.8
"20946481",2021-10-02 02:00:00,14.517,10.8
"20946481",2021-10-02 02:15:00,14.804,10.8
"20946481",2021-10-02 02:30:00,14.996,21.5
"20946481",2021-10-02 02:45:00,15.187,10.8
"20946481",2021-10-02 03:00:00,15.282,21.5
"20946481",2021-10-02 03:15:00,15.091,21.5
"20946481",2021-10-02 03:30:00,14.613,10.8
"20946481",2021-10-02 03:45:00,14.325,10.8
"20946481",2021-10-02 04:00:00,13.942,10.8
"20946481",2021-10-02 04:15:00,13.654,10.8
"20946481",2021-10-02 04:30:00,13.365,10.8
"20946481",2021-10-02 04:45:00,13.269,10.8
"20946481",2021-10-02 05:00:00,13.269,10.8
"20946481",2021-10-02 05:15:00,13.461,21.5
"20946481",2021-10-02 05:30:00,13.654,21.5
"20946481",2021-10-02 05:45:00,13.654,21.5
"20946481",2021-10-02 06:00:00,13.942,21.5
"20946481",2021-10-02 06:15:00,14.23,21.5
"20946481",2021-10-02 06:30:00,14.517,21.5
"20946481",2021-10-02 06:45:00,14.709,21.5
"20946481",2021-10-02 07:00:00,14.421,21.5
"20946481",2021-10-02 07:15:00,14.038,21.5
"20946481",2021-10-02 07:30:00,13.654,21.5
"20946481",2021-10-02 07:45:00,13.461,21.5
"20946481",2021-10-02 08:00:00,13.75,21.5
"20946481",2021-10-02 08:15:00,14.613,21.5
"20946481",2021-10-02 08:30:00,15.664,21.5
"20946481",2021-10-02 08:45:00,16.427,21.5
"20946481",2021-10-02 09:00:00,17.379,21.5
"20946481",2021-10-02 09:15:00,18.426,21.5
"20946481",2021-10-02 09:30:00,19.282,21.5
"20946481",2021-10-02 09:45:00,19.662,21.5
"20946481",2021-10-02 10:00:00,20.329,32.3
"20946481",2021-10-02 10:15:00,21.282,32.3
"20946481",2021-10-02 10:30:00,23.292,21.5
"20946481",2021-10-02 10:45:00,24.931,32.3
"20946481",2021-10-02 11:00:00,27.468,21.5
"20946481",2021-10-02 11:15:00,27.075,21.5
"20946481",2021-10-02 11:30:00,26.879,0
"20946481",2021-10-02 11:45:00,27.665,0
"20946481",2021-10-02 12:00:00,27.37,0
"20946481",2021-10-02 12:15:00,26.488,0
"20946481",2021-10-02 12:30:00,25.125,0
"20946481",2021-10-02 12:45:00,24.351,0
"20946481",2021-10-02 13:00:00,24.158,0
"20946481",2021-10-02 13:15:00,24.062,0
"20946481",2021-10-02 13:30:00,23.966,0
"20946481",2021-10-02 13:45:00,23.773,0
"20946481",2021-10-02 14:00:00,23.869,0
"20946481",2021-10-02 14:15:00,24.062,0
"20946481",2021-10-02 14:30:00,23.869,0
"20946481",2021-10-02 14:45:00,23.581,0
"20946481",2021-10-02 15:00:00,23.581,0
"20946481",2021-10-02 15:15:00,23.581,0
"20946481",2021-10-02 15:30:00,24.931,0
"20946481",2021-10-02 15:45:00,24.351,0
"20946481",2021-10-02 16:00:00,23.773,0
"20946481",2021-10-02 16:15:00,25.028,0
"20946481",2021-10-02 16:30:00,26.195,0
"20946481",2021-10-02 16:45:00,25.805,0
"20946481",2021-10-02 17:00:00,24.738,0
"20946481",2021-10-02 17:15:00,24.062,0
"20946481",2021-10-02 17:30:00,23.677,0
"20946481",2021-10-02 17:45:00,23.581,0
"20946481",2021-10-02 18:00:00,23.1,0
"20946481",2021-10-02 18:15:00,22.525,0
"20946481",2021-10-02 18:30:00,22.046,0
"20946481",2021-10-02 18:45:00,21.282,0
"20946481",2021-10-02 19:00:00,20.519,0
"20946481",2021-10-02 19:15:00,19.758,0
"20946481",2021-10-02 19:30:00,19.187,0
"20946481",2021-10-02 19:45:00,18.521,0
"20946481",2021-10-02 20:00:00,18.14,0
"20946481",2021-10-02 20:15:00,17.855,0
"20946481",2021-10-02 20:30:00,17.665,0
"20946481",2021-10-02 20:45:00,17.475,0
"20946481",2021-10-02 21:00:00,17.379,0
"20946481",2021-10-02 21:15:00,17.284,0
"20946481",2021-10-02 21:30:00,17.379,0
"20946481",2021-10-02 21:45:00,17.76,0
"20946481",2021-10-02 22:00:00,17.76,10.8
"20946481",2021-10-02 22:15:00,17.475,10.8
"20946481",2021-10-02 22:30:00,16.999,10.8
"20946481",2021-10-02 22:45:00,16.713,10.8
"20946481",2021-10-02 23:00:00,16.427,10.8
"20946481",2021-10-02 23:15:00,16.523,10.8
"20946481",2021-10-02 23:30:00,16.808,10.8
"20946481",2021-10-02 23:45:00,16.999,10.8
"20946481",2021-10-03 00:00:00,17.189,10.8
"20946481",2021-10-03 00:15:00,17.189,10.8
"20946481",2021-10-03 00:30:00,17.284,10.8
"20946481",2021-10-03 00:45:00,17.189,10.8
"20946481",2021-10-03 01:00:00,16.903,10.8
"20946481",2021-10-03 01:15:00,16.808,10.8
"20946481",2021-10-03 01:30:00,16.808,10.8
"20946481",2021-10-03 01:45:00,16.808,10.8
"20946481",2021-10-03 02:00:00,16.713,10.8
"20946481",2021-10-03 02:15:00,16.427,10.8
"20946481",2021-10-03 02:30:00,16.237,10.8
"20946481",2021-10-03 02:45:00,16.427,10.8
"20946481",2021-10-03 03:00:00,16.427,10.8
"20946481",2021-10-03 03:15:00,16.237,10.8
"20946481",2021-10-03 03:30:00,15.951,10.8
"20946481",2021-10-03 03:45:00,15.664,10.8
"20946481",2021-10-03 04:00:00,15.473,10.8
"20946481",2021-10-03 04:15:00,15.378,10.8
"20946481",2021-10-03 04:30:00,15.378,10.8
"20946481",2021-10-03 04:45:00,15.187,10.8
"20946481",2021-10-03 05:00:00,14.613,10.8
"20946481",2021-10-03 05:15:00,14.134,21.5
"20946481",2021-10-03 05:30:00,13.654,21.5
"20946481",2021-10-03 05:45:00,13.269,21.5
"20946481",2021-10-03 06:00:00,12.883,21.5
"20946481",2021-10-03 06:15:00,12.69,21.5
"20946481",2021-10-03 06:30:00,12.401,21.5
"20946481",2021-10-03 06:45:00,12.11,21.5
"20946481",2021-10-03 07:00:00,11.819,21.5
"20946481",2021-10-03 07:15:00,11.625,21.5
"20946481",2021-10-03 07:30:00,11.431,21.5
"20946481",2021-10-03 07:45:00,11.528,21.5
"20946481",2021-10-03 08:00:00,11.625,86.1
"20946481",2021-10-03 08:15:00,11.819,86.1
"20946481",2021-10-03 08:30:00,12.304,86.1
"20946481",2021-10-03 08:45:00,13.076,75.3
"20946481",2021-10-03 09:00:00,13.558,86.1
"20946481",2021-10-03 09:15:00,14.038,86.1
"20946481",2021-10-03 09:30:00,14.421,96.9
"20946481",2021-10-03 09:45:00,15.855,96.9
"20946481",2021-10-03 10:00:00,17.95,118.4
"20946481",2021-10-03 10:15:00,19.853,129.2
"20946481",2021-10-03 10:30:00,22.429,139.9
"20946481",2021-10-03 10:45:00,25.61,139.9
"20946481",2021-10-03 11:00:00,28.06,0
"20946481",2021-10-03 11:15:00,30.255,0
"20946481",2021-10-03 11:30:00,31.778,0
"20946481",2021-10-03 11:45:00,33.43,0
"20946481",2021-10-03 12:00:00,34.796,0
"20946481",2021-10-03 12:15:00,35.649,0
"20946481",2021-10-03 12:30:00,36.187,0
"20946481",2021-10-03 12:45:00,36.946,0
"20946481",2021-10-03 13:00:00,37.494,0
"20946481",2021-10-03 13:15:00,38.046,0
"20946481",2021-10-03 13:30:00,38.268,0
"20946481",2021-10-03 13:45:00,36.295,0
"20946481",2021-10-03 14:00:00,35.115,0
"20946481",2021-10-03 14:15:00,33.953,0
"20946481",2021-10-03 14:30:00,32.188,0
"20946481",2021-10-03 14:45:00,31.064,0
"20946481",2021-10-03 15:00:00,31.472,0
"20946481",2021-10-03 15:15:00,31.676,0
"20946481",2021-10-03 15:30:00,31.574,0
"20946481",2021-10-03 15:45:00,32.497,0
"20946481",2021-10-03 16:00:00,32.188,0
"20946481",2021-10-03 16:15:00,33.222,0
"20946481",2021-10-03 16:30:00,33.639,0
"20946481",2021-10-03 16:45:00,32.188,0
"20946481",2021-10-03 17:00:00,29.152,0
"20946481",2021-10-03 17:15:00,26.39,0
"20946481",2021-10-03 17:30:00,24.545,0
"20946481",2021-10-03 17:45:00,23.292,0
"20946481",2021-10-03 18:00:00,22.238,0
"20946481",2021-10-03 18:15:00,20.996,0
"20946481",2021-10-03 18:30:00,19.853,0
"20946481",2021-10-03 18:45:00,18.616,0
"20946481",2021-10-03 19:00:00,17.379,0
"20946481",2021-10-03 19:15:00,16.237,0
"20946481",2021-10-03 19:30:00,15.091,0
"20946481",2021-10-03 19:45:00,14.134,0
"20946481",2021-10-03 20:00:00,13.461,0
"20946481",2021-10-03 20:15:00,12.883,0
"20946481",2021-10-03 20:30:00,12.497,0
"20946481",2021-10-03 20:45:00,12.11,0
"20946481",2021-10-03 21:00:00,11.819,0
"20946481",2021-10-03 21:15:00,11.528,0
"20946481",2021-10-03 21:30:00,11.236,0
"20946481",2021-10-03 21:45:00,11.041,0
"20946481",2021-10-03 22:00:00,10.846,0
"20946481",2021-10-03 22:15:00,10.651,10.8
"20946481",2021-10-03 22:30:00,10.553,10.8
"20946481",2021-10-03 22:45:00,10.455,10.8
"20946481",2021-10-03 23:00:00,10.357,10.8
"20946481",2021-10-03 23:15:00,10.161,21.5
"20946481",2021-10-03 23:30:00,10.161,21.5
"20946481",2021-10-03 23:45:00,9.965,21.5
"20946481",2021-10-04 00:00:00,9.866,21.5
"20946481",2021-10-04 00:15:00,9.669,21.5
"20946481",2021-10-04 00:30:00,9.571,21.5
"20946481",2021-10-04 00:45:00,9.472,21.5
"20946481",2021-10-04 01:00:00,9.373,32.3
"20946481",2021-10-04 01:15:00,9.275,32.3
"20946481",2021-10-04 01:30:00,9.176,43.1
"20946481",2021-10-04 01:45:00,8.978,43.1
"20946481",2021-10-04 02:00:00,8.779,43.1
"20946481",2021-10-04 02:15:00,8.779,43.1
"20946481",2021-10-04 02:30:00,8.779,43.1
"20946481",2021-10-04 02:45:00,8.779,53.8
"20946481",2021-10-04 03:00:00,8.581,53.8
"20946481",2021-10-04 03:15:00,8.481,53.8
"20946481",2021-10-04 03:30:00,8.282,64.6
"20946481",2021-10-04 03:45:00,8.182,64.6
"20946481",2021-10-04 04:00:00,8.182,64.6
"20946481",2021-10-04 04:15:00,8.182,64.6
"20946481",2021-10-04 04:30:00,8.481,64.6
"20946481",2021-10-04 04:45:00,8.978,75.3
"20946481",2021-10-04 05:00:00,9.571,64.6
"20946481",2021-10-04 05:15:00,10.161,64.6
"20946481",2021-10-04 05:30:00,10.455,64.6
"20946481",2021-10-04 05:45:00,10.455,64.6
"20946481",2021-10-04 06:00:00,10.357,64.6
"20946481",2021-10-04 06:15:00,10.455,64.6
"20946481",2021-10-04 06:30:00,10.553,64.6
"20946481",2021-10-04 06:45:00,10.553,64.6
"20946481",2021-10-04 07:00:00,10.651,64.6
"20946481",2021-10-04 07:15:00,10.651,64.6
"20946481",2021-10-04 07:30:00,10.651,64.6
"20946481",2021-10-04 07:45:00,10.553,64.6
"20946481",2021-10-04 08:00:00,10.357,64.6
"20946481",2021-10-04 08:15:00,10.651,64.6
"20946481",2021-10-04 08:30:00,11.528,64.6
"20946481",2021-10-04 08:45:00,12.304,64.6
"20946481",2021-10-04 09:00:00,12.787,64.6
"20946481",2021-10-04 09:15:00,13.173,64.6
"20946481",2021-10-04 09:30:00,13.846,64.6
"20946481",2021-10-04 09:45:00,15.473,75.3
